products_id,supplier_id,products_quantity,products_model,cost_price,sale_price,products_weight,width,depth,height
765,S006,50,PR1101EL24,1.77,2.95,860,30,80,30
1266,S008,50,PFB193RD,2.05,3.95,600,30,90,30
1272,S005,50,PFB120BK,2.29,3.95,600,30,30,30
1037,S009,50,PQB1123,2.09,3.95,600,30,40,30
1265,S013,40,PNlook031,2.52,4.95,500,30,90,30
286,S001,40,PPWL2386,2.82,4.95,500,30,20,30
1344,S007,40,PXEL300,2.87,4.95,500,30,100,30
721,S005,35,PC808,3.15,5.95,400,30,50,30
1274,S008,35,PC803,3.81,5.95,400,30,80,30
1247,S013,35,P0571G-58,3.69,5.95,400,30,70,30
1380,S009,35,PWM00B9,4.4,5.95,400,30,70,30
1382,S012,35,PWM00B13,3.87,5.95,400,30,50,30
1381,S011,35,PWM00B12,3.45,5.95,400,30,70,30
279,S012,35,PH2277,3.93,5.95,400,30,70,30
795,S001,35,PH0681.15,3.93,5.95,400,30,80,30
17,S011,35,PXEL349,3.21,5.95,300,30,20,30
190,S006,35,PR1513.18,4.34,5.95,300,30,20,30
1225,S011,35,PSPT0021,4.22,5.95,300,30,80,30
1228,S010,35,PSPT0030G,3.99,5.95,300,30,90,30
1055,S003,35,PM2151,3.93,5.95,300,30,100,30
459,S015,35,PQB980,3.33,5.95,300,30,60,30
636,S012,35,PSPT0052,3.57,5.95,300,30,30,30
167,S006,35,PS370897,3.03,5.95,100,30,60,30
499,S007,35,PR2306.14,5,6.75,100,30,50,30
58,S012,35,PLR726,5,6.75,80,30,100,30
134,S002,35,PCASON3,4.25,6.75,50,30,60,30
643,S008,35,PNlook013,4.52,6.75,50,30,80,30
238,S006,35,P251/1491,3.71,6.75,30,30,100,30
93,S009,35,PLR920,3.65,6.75,660,30,60,30
821,S002,35,PQB1140,4.39,6.75,650,30,60,30
772,S006,35,PH0681.12,4.25,6.75,400,30,70,30
948,S012,35,P251/1488,3.98,6.75,400,30,40,30
646,S008,35,PSolo09,4.73,6.75,200,30,30,30
177,S003,35,PH0681.23,4.96,6.99,400,30,30,30
261,S006,35,PH0681.21,4.75,6.99,400,30,20,30
936,S007,35,PF48283,5.19,7.74,710,30,40,30
1169,S013,35,PSB29032,5.55,8.95,200,30,70,30
249,S003,35,PRY157,4.56,8.95,200,30,40,30
53,S002,35,PRY185,6,8.95,100,30,50,30
1114,S015,35,PC398,6.53,8.95,1500,30,90,30
187,S011,35,P0571G-37,6.18,9.65,300,30,40,30
815,S013,20,PC838 G-135,8.18,12.99,250,30,50,30
428,S001,20,PSPT0057,9.44,14.99,300,30,80,30
594,S014,20,P2001PU.24,8.24,14.99,230,30,20,30
316,S010,20,PQB1128,10.53,15.95,600,30,60,30
14,S011,20,PXEL329,15.29,20.95,300,30,80,30
429,S010,20,PXEL326,11.52,20.95,300,30,90,30
588,S012,20,P1003HQEL.26,13.62,20.95,230,30,90,30
902,S003,20,PRY33,12.36,20.95,140,30,80,30
924,S007,20,PRY188,13.62,20.95,120,30,30,30
945,S007,50,PR1101EL10,1.5,2.95,860,40,40,50
941,S015,50,PQUEC650,2.01,2.95,750,40,100,50
846,S012,50,PQB1185,2.65,3.95,690,40,70,50
1332,S015,50,PFBSK4,2.53,3.95,600,40,10,50
1151,S001,50,PFBSK5,2.96,3.95,600,40,30,50
1068,S004,50,PLJCMP010,2.29,3.95,600,40,90,50
1070,S014,50,PLPWCP2,2.25,3.95,600,40,90,50
1067,S013,50,PLJCMP011,2.33,3.95,600,40,30,50
1290,S010,40,PH0768.01,2.87,4.95,500,40,70,50
278,S005,40,PPS2,3.17,4.95,500,40,50,50
269,S008,40,PPWL2384,2.92,4.95,500,40,90,50
1072,S003,40,PPWL3in1,2.57,4.95,500,40,100,50
1435,S008,40,PXEL313,2.97,4.95,500,40,60,50
1403,S002,40,PXEL307,2.52,4.95,500,40,10,50
1429,S014,40,PXEL296,2.52,4.95,500,40,10,50
447,S006,40,PF4329,2.72,4.95,500,40,100,50
717,S004,35,PC435,3.69,5.95,400,40,100,50
1256,S007,35,P0571G-54,4.28,5.95,400,40,70,50
1254,S010,35,P0571G-47,3.39,5.95,400,40,80,50
1259,S004,35,P0571G-45,3.15,5.95,400,40,30,50
1132,S007,35,P0571G-84,4.46,5.95,400,40,40,50
1315,S008,35,P0571G-70,3.21,5.95,400,40,40,50
1321,S009,35,P0571G-74,3.87,5.95,400,40,20,50
1101,S007,35,PSB16828,3.99,5.95,400,40,60,50
1107,S011,35,PSB16829,3.33,5.95,400,40,90,50
1138,S004,35,PSB29007,3.03,5.95,400,40,60,50
1285,S013,35,PABCOP10,3.15,5.95,400,40,30,50
792,S003,35,PH0776.01,3.33,5.95,400,40,80,50
1102,S003,35,PH111301,4.4,5.95,400,40,90,50
1182,S009,35,PF48256,4.11,5.95,400,40,90,50
1060,S010,35,PQB1101,3.27,5.95,400,40,20,50
756,S014,35,PF390199,3.27,5.95,400,40,70,50
931,S014,35,PF394019,4.4,5.95,360,40,50,50
562,S011,35,PF394010,2.98,5.95,350,40,60,50
819,S011,35,P0571G-24,3.15,5.95,320,40,100,50
908,S012,35,PXEL345,3.81,5.95,300,40,30,50
1170,S008,35,PR1101EL41,4.34,5.95,300,40,20,50
914,S008,35,PXEL347,3.21,5.95,300,40,60,50
1046,S003,35,PM5445,4.11,5.95,300,40,30,50
244,S015,35,PM5450,3.81,5.95,300,40,40,50
1423,S001,35,PNlook024,4.28,5.95,300,40,100,50
390,S003,35,PWdlightshow,3.75,5.95,300,40,100,50
1190,S010,35,PCR927,3.87,5.95,100,40,40,50
168,S003,35,PRY282,3.51,5.95,100,40,90,50
148,S011,35,PSB0027G,3.75,5.95,100,40,60,50
154,S015,35,PSB16807,4.19,6.75,100,40,20,50
173,S010,35,PRY281,4.32,6.75,100,40,40,50
147,S001,35,PS332534,3.98,6.75,100,40,70,50
976,S009,35,PQB1106,5,6.75,90,40,20,50
977,S003,35,PQB1107,4.19,6.75,90,40,50,50
224,S003,35,PG2226G,4.86,6.75,50,40,30,50
677,S009,35,Pspringbar14,4.59,6.75,50,40,10,50
217,S007,35,PG2224S,3.58,6.75,50,40,80,50
144,S012,35,PCR1133,3.98,6.75,50,40,50,50
137,S014,35,PClearBox,4.39,6.75,50,40,40,50
237,S005,35,P251/1490,4.66,6.75,30,40,50,50
236,S001,35,P251/1492,4.32,6.75,30,40,100,50
419,S008,35,PF4341,4.19,6.75,500,40,80,50
420,S007,35,PF48147,4.79,6.75,500,40,70,50
700,S001,35,PWM0016D,4.52,6.75,300,40,100,50
800,S013,35,PH2273,3.89,6.83,400,40,40,50
987,S015,35,PF4283,4.87,7.49,360,40,30,50
618,S010,35,PH0204.03.04,6.62,8.95,230,40,20,50
626,S001,35,PGHC002,4.48,8.95,230,40,10,50
488,S014,35,PSBMOSS14,4.83,8.95,200,40,50,50
111,S005,35,PCR1220,4.48,8.95,100,40,80,50
331,S004,35,PF394006,6.27,8.95,100,40,20,50
295,S004,35,PCR925,6.35,8.95,100,40,70,50
974,S003,35,PQUEC653,5.37,8.95,760,40,50,50
877,S012,20,PSB16799,7.27,12.99,260,40,50,50
881,S013,20,PSB0034G,9.48,12.99,260,40,70,50
961,S006,20,PR2306.12,6.5,12.99,260,40,80,50
904,S014,20,PRY173,8.18,12.99,250,40,60,50
890,S014,20,PWM00B7,7.01,12.99,240,40,60,50
320,S012,20,PQB1131,8.45,15.95,600,40,100,50
443,S013,20,PXEL316,11.94,20.95,300,40,60,50
456,S014,20,PXEL321,14.04,20.95,300,40,100,50
780,S001,20,PH2272,10.89,20.95,400,40,50,50
824,S006,20,PGHC001,15.08,20.95,150,40,20,50
547,S014,20,PR311303,12.78,20.95,150,40,70,50
558,S011,20,PR311419,13.2,20.95,150,40,10,50
900,S014,20,PCR1140,11.73,20.95,130,40,30,50
884,S005,20,PSB16818,13.83,20.95,130,40,20,50
768,S014,50,PR1101EL27,1.86,2.95,1000,50,80,10
943,S014,50,PR1101EL11,2.01,2.95,900,50,80,10
907,S004,50,PXEL339,1.48,2.95,880,50,20,10
812,S009,50,PQUEC651,1.83,2.95,750,50,70,10
886,S002,50,PQB1195,2.21,3.95,700,50,10,10
1064,S012,50,PLPWCP3,2.84,3.95,600,50,50,10
1034,S013,50,PQB1120,2.17,3.95,600,50,90,10
1294,S008,40,PH0769.03,2.48,4.95,500,50,90,10
371,S005,40,PNlook030,3.47,4.95,500,50,60,10
370,S013,40,PH0769.01,3.51,4.95,500,50,80,10
1402,S004,40,PXEL306,3.66,4.95,500,50,60,10
243,S004,40,PF4300,2.57,4.95,500,50,90,10
273,S010,40,PF4310,3.27,4.95,500,50,40,10
252,S003,40,PF4319,3.12,4.95,500,50,60,10
258,S004,40,PF4320,2.97,4.95,500,50,80,10
826,S004,35,Ph0683.10,3.39,5.95,450,50,70,10
262,S005,35,PC804,4.22,5.95,400,50,30,10
929,S003,35,PC798,2.98,5.95,400,50,60,10
1246,S015,35,P0571G-59,4.28,5.95,400,50,80,10
1252,S002,35,P0571G-55,4.22,5.95,400,50,40,10
1106,S007,35,PSB16831,4.4,5.95,400,50,80,10
1405,S002,35,P76-23,3.21,5.95,400,50,40,10
1099,S015,35,PH0778.03,4.4,5.95,400,50,90,10
1111,S007,35,PH111304,3.27,5.95,400,50,60,10
1183,S002,35,PF48259,4.17,5.95,400,50,50,10
753,S015,35,PF391902,3.87,5.95,400,50,30,10
1040,S002,35,PR1101EL16,4.4,5.95,350,50,30,10
1010,S006,35,P0571G-26,3.03,5.95,320,50,90,10
1123,S005,35,PR2306.03,3.69,5.95,300,50,70,10
104,S014,35,PR2303.01,4.34,5.95,300,50,40,10
1150,S005,35,PR1101EL34,4.17,5.95,300,50,80,10
1241,S007,35,PSPT0025,3.27,5.95,300,50,50,10
1227,S002,35,PSPT0030,3.75,5.95,300,50,70,10
1229,S009,35,PSPT0029,3.09,5.95,300,50,60,10
398,S005,35,PM2144,4.4,5.95,300,50,70,10
408,S001,35,PN019.3,3.75,5.95,300,50,90,10
20,S007,35,PBosie009,2.98,5.95,300,50,60,10
1417,S015,35,PNlook017,3.45,5.95,300,50,20,10
463,S008,35,PQB972,3.39,5.95,300,50,30,10
462,S010,35,PQB974,4.34,5.95,300,50,100,10
155,S010,35,PS301701,3.15,5.95,100,50,20,10
171,S013,35,PSB0069G,5.06,6.75,100,50,20,10
68,S012,35,PAG1,3.92,6.75,100,50,60,10
526,S001,35,PABCOP29,4.52,6.75,100,50,60,10
538,S007,35,PABCOP31,3.65,6.75,100,50,90,10
139,S005,35,PCASON5,3.58,6.75,50,50,40,10
140,S010,35,PCR1134,4.05,6.75,50,50,60,10
80,S006,35,PATLH4,4.59,6.75,10,50,60,10
86,S012,35,PAmarmyLg,4.66,6.75,10,50,60,10
89,S004,35,PQB1094,3.58,6.75,10,50,60,10
85,S006,35,PAG8,4.52,6.75,10,50,60,10
79,S013,35,PATLH3,4.93,6.75,10,50,60,10
78,S002,35,PAG7,4.25,6.75,10,50,60,10
61,S010,35,PLR936,3.92,6.75,10,50,60,10
62,S002,35,PM2124,4.66,6.75,10,50,60,10
88,S014,35,PXEL102_3_6,5.06,6.75,10,50,60,10
84,S010,35,PBosie003,3.98,6.75,10,50,60,10
19,S007,35,PLR927,4.93,6.75,10,50,60,10
87,S007,35,PASA03,4.46,6.75,10,50,60,10
83,S002,35,PBolun,4.52,6.75,10,50,60,10
293,S010,35,PWM0016C,3.58,6.75,300,50,30,100
644,S003,35,PSolo07,4.93,6.75,200,50,70,100
658,S004,35,PF394013,4.61,6.99,350,50,20,100
935,S004,35,PF48281,3.95,7.74,710,50,70,100
866,S015,35,PSPT0017,6.09,8.95,230,50,100,100
487,S007,35,PSB29016,6.09,8.95,200,50,50,100
868,S014,35,PSL499,5.37,8.95,200,50,70,100
872,S004,35,PSm09,6.18,8.95,200,50,30,100
862,S005,35,PSL476,4.48,8.95,200,50,80,100
405,S007,35,PRY150,5.64,8.95,200,50,30,100
406,S002,35,PRY149,5.73,8.95,200,50,70,100
639,S006,35,PRY164,6.71,8.95,200,50,60,100
489,S007,35,PRY166,6.44,8.95,200,50,90,100
1412,S008,35,PNlook016,6.44,8.95,120,50,30,100
681,S011,35,PXEL102_3_8,5.91,8.95,100,50,30,100
301,S013,35,PSPT0051,6.18,8.95,100,50,10,100
1212,S013,35,PCR816,4.92,8.95,100,50,10,100
189,S003,35,P0571G-36,5.21,9.65,300,50,40,100
383,S002,20,PWM0015B,9.74,12.99,300,50,80,100
1292,S013,20,PBosie013,9.74,12.99,270,50,100,100
1024,S003,20,PR1101EL31,9.74,12.99,270,50,80,100
66,S006,20,PXEL337,7.4,12.99,260,50,90,100
963,S010,20,PR2306.10,9.48,12.99,260,50,100,100
411,S014,20,PCASON10,7.53,12.99,250,50,50,100
1262,S002,20,PR1101EL1,7.66,12.99,800,50,60,100
632,S002,20,PSB29008,10.49,14.99,300,50,100,100
599,S009,20,P1001BL.14,10.19,14.99,230,50,90,100
630,S007,20,PXEL327,10.48,20.95,300,50,20,100
553,S006,20,PR311405,15.5,20.95,150,50,60,100
1413,S013,50,PNlook014,2.21,2.95,840,60,40,100
35,S013,50,PH0679.02,2.8,3.95,710,60,50,100
918,S014,50,PQB1191,2.29,3.95,700,60,60,100
843,S008,50,PQB1181,2.17,3.95,680,60,100,100
1267,S006,50,PFBSK2,2.92,3.95,600,60,30,100
1355,S006,50,PF48293,2.13,3.95,550,60,50,100
49,S006,40,PXEL340,2.77,4.95,520,60,80,100
300,S008,40,PNlook034,2.82,4.95,500,60,30,100
1275,S014,40,PH0767.01,2.92,4.95,500,60,50,100
50,S006,40,PNlook037,3.22,4.95,500,60,70,100
1280,S012,40,PPK1,3.47,4.95,500,60,20,100
1434,S014,40,PXEL298,2.92,4.95,500,60,30,100
1427,S013,40,PXEL295,3.27,4.95,500,60,10,100
1063,S006,40,PF4324,2.62,4.95,500,60,60,100
1356,S012,35,Ph0683.05,3.87,5.95,450,60,10,100
37,S004,35,PH0679.03,4.22,5.95,420,60,100,100
1301,S010,35,PF4293,4.11,5.95,400,60,100,100
1302,S007,35,PF4294,3.87,5.95,400,60,40,100
1130,S008,35,PC802,3.39,5.95,400,60,100,100
1255,S007,35,P0571G-50,3.75,5.95,400,60,60,100
804,S003,35,P0571G-44,4.34,5.95,400,60,80,100
1284,S010,35,P76-30,2.98,5.95,400,60,90,100
789,S015,35,PH111308,4.11,5.95,400,60,30,100
750,S014,35,PF389202,3.15,5.95,400,60,90,100
798,S006,35,PH2275,4.17,5.95,400,60,60,100
1126,S002,35,PR1101EL37,3.03,5.95,300,60,30,100
2,S015,35,PR1101EL45,3.81,5.95,300,60,40,100
1091,S001,35,PR1513.23,3.27,5.95,300,60,90,100
100,S001,35,PXEL357,4.22,5.95,300,60,80,100
1233,S010,35,PSPT0027,3.57,5.95,300,60,50,100
1230,S001,35,PSPT0020,3.93,5.95,300,60,10,100
1050,S001,35,PM5447,3.81,5.95,300,60,70,100
114,S010,35,PM5453,3.09,5.95,300,60,60,100
1108,S012,35,PBosie007,3.27,5.95,300,60,60,100
470,S010,35,PQB975,3.15,5.95,300,60,20,100
435,S008,35,PTDA.203G,3.39,5.95,300,60,50,100
642,S015,35,PWhitefan,3.63,5.95,300,60,70,100
381,S004,35,PWM0010b,4.22,5.95,300,60,40,100
170,S012,35,PS370899,3.65,6.75,100,60,100,100
110,S006,35,PCR1131,3.44,6.75,50,60,60,100
112,S004,35,PXEL102_3_7,3.58,6.75,20,60,60,100
363,S007,35,PF4340,4.39,6.75,500,60,20,100
777,S007,35,PH0681.24,3.76,6.83,400,60,60,100
351,S002,35,PGHC000,3.98,6.99,1300,60,50,100
1116,S002,35,PH0681.25,4.69,7.95,400,60,90,100
628,S015,35,PH0624.04,6.44,8.95,230,60,20,100
858,S004,35,PSL503,6.18,8.95,200,60,60,100
874,S010,35,PSL502,5.28,8.95,200,60,80,100
875,S006,35,PSL577,6.35,8.95,200,60,10,100
339,S007,35,PRY163,6.71,8.95,200,60,30,100
343,S011,35,PRY165,5.37,8.95,200,60,60,100
40,S004,35,PRY195,4.48,8.95,100,60,80,100
39,S015,35,PRY196,6.27,8.95,100,60,30,100
615,S002,35,PSPT0048,4.56,8.95,100,60,50,100
971,S003,35,PQB1177,6,8.95,670,60,90,100
185,S005,35,P0571G-35,5.31,9.65,300,60,90,100
641,S015,20,PBosie005,7.64,14.99,300,60,60,100
634,S014,20,PSB29009,9.74,14.99,300,60,80,100
602,S011,20,P1001BL.20,10.34,14.99,230,60,30,100
600,S008,20,P1001BL.16,9.89,14.99,230,60,40,100
592,S006,20,P2001PU.20,8.54,14.99,230,60,20,100
733,S009,20,P76-17,12.36,20.95,300,60,70,100
1368,S004,20,PN021.3,10.48,20.95,300,60,20,100
432,S005,20,PXEL323,11.1,20.95,300,60,60,100
430,S011,20,PXEL324,11.73,20.95,300,60,40,100
433,S002,20,PXEL325,11.31,20.95,300,60,10,100
90,S009,20,PSolo05,12.99,20.95,200,60,90,100
856,S015,20,PSPT0011,12.36,20.95,160,60,100,100
235,S015,10,PBWL1,25.24,40.07,4000,60,200,100
76,S010,50,PH0681.02,2.18,2.95,910,70,40,100
950,S005,50,PQUEC658,1.65,2.95,800,70,10,100
761,S003,50,PR1101EL20,1.48,2.95,740,70,30,100
38,S005,50,PH0681.01,2.09,3.95,720,70,80,100
1328,S011,50,PFB117LL,1.98,3.95,600,70,50,100
1152,S007,50,PFBSK6,2.29,3.95,600,70,30,100
906,S004,50,PFB076BL,2.09,3.95,560,70,80,100
92,S008,40,Ppw05,3.42,4.95,500,70,20,100
267,S008,40,PPWL2388,2.77,4.95,500,70,90,100
1430,S010,40,PXEL297,2.57,4.95,500,70,60,100
372,S005,40,PF4304,3.61,4.95,500,70,20,100
1394,S008,40,PF4312,3.02,4.95,500,70,40,100
388,S005,40,PF4331,3.27,4.95,500,70,60,100
296,S003,40,PF4335,2.62,4.95,500,70,20,100
1361,S010,35,Ph0683.01,4.34,5.95,450,70,90,100
1360,S014,35,Ph0683.02,4.4,5.95,450,70,40,100
905,S012,35,PH0681.26,3.09,5.95,420,70,50,100
719,S003,35,PC806,3.63,5.95,400,70,100,100
1323,S009,35,PC801,2.98,5.95,400,70,10,100
1271,S009,35,PF4290,3.69,5.95,400,70,20,100
1296,S015,35,PF4295,3.27,5.95,400,70,70,100
354,S014,35,PC796,4.11,5.95,400,70,30,100
1146,S009,35,P0571G-75,4.11,5.95,400,70,90,100
1411,S003,35,P76-26,4.17,5.95,400,70,20,100
1283,S008,35,P76-29,4.34,5.95,400,70,100,100
1180,S009,35,PF48253,3.63,5.95,400,70,60,100
758,S011,35,PF393302,4.22,5.95,400,70,60,100
1398,S015,35,PNlook011,3.93,5.95,400,70,60,100
1396,S007,35,PNlook010,3.21,5.95,400,70,70,100
799,S013,35,PH2276,3.51,5.95,400,70,80,100
193,S013,35,PR1101EL7,4.11,5.95,300,70,70,100
8,S004,35,PXEL350,3.69,5.95,300,70,100,100
9,S015,35,PR1101EL51,3.99,5.95,300,70,90,100
1160,S012,35,PR1101EL6,3.69,5.95,300,70,60,100
457,S002,35,PXEL358,2.98,5.95,300,70,70,100
1129,S006,35,PXEL360,3.51,5.95,300,70,60,100
1224,S008,35,PSPT0036,3.27,5.95,300,70,70,100
1047,S015,35,PM5446,3.45,5.95,300,70,20,100
1054,S012,35,PM2154,3.81,5.95,300,70,80,100
31,S004,35,PMCSB1,3.15,5.95,300,70,100,100
407,S002,35,PN020.1,3.33,5.95,300,70,30,100
464,S005,35,PQB970,3.03,5.95,300,70,30,100
467,S004,35,PQB1199,4.11,5.95,300,70,60,100
637,S008,35,PSPT0056,3.39,5.95,300,70,90,100
436,S001,35,PTDA.201G,3.69,5.95,300,70,30,100
611,S001,35,PSPT0043,3.87,5.95,100,70,90,100
166,S005,35,PS370903,2.98,5.95,100,70,20,100
151,S009,35,PS370901,3.51,5.95,100,70,30,100
511,S009,35,PAG10,4.25,6.75,100,70,40,100
543,S001,35,PABCOP23,3.58,6.75,100,70,50,100
517,S014,35,PABCOP6,4.05,6.75,100,70,80,100
335,S015,35,Pspringbar22,3.98,6.75,50,70,30,100
222,S006,35,PG2225S,3.51,6.75,50,70,50,100
226,S014,35,PG2224G,3.85,6.75,50,70,80,100
676,S004,35,Pspringbar12,5.06,6.75,50,70,90,100
679,S011,35,Pspringbar4,3.92,6.75,50,70,20,100
132,S011,35,PCASON8,4.93,6.75,50,70,70,100
368,S012,35,PH0672.02,5,6.75,50,70,20,100
239,S004,35,P3435-UA,4.73,6.75,40,70,90,100
1008,S004,35,PF48289,3.71,6.75,400,70,80,100
999,S009,35,P0571G-64,4.12,6.75,400,70,40,100
706,S007,35,PWM0017A,4.05,6.75,300,70,30,100
703,S003,35,PWM0020B,4.12,6.75,300,70,20,100
704,S002,35,PWM0017C,3.92,6.75,300,70,80,100
699,S008,35,PWM003C,5,6.75,300,70,100,100
988,S013,35,PH0685.02,4.79,7.49,470,70,70,100
98,S015,35,PC404,5.84,8,1800,70,20,100
581,S014,35,P1003HQ.16,6.44,8.95,230,70,40,100
481,S003,35,PSB29027,5.82,8.95,200,70,60,100
482,S014,35,PSBMOSS16,4.56,8.95,200,70,90,100
748,S004,35,PSBMOSS19,5.73,8.95,200,70,10,100
15,S006,35,PSm10,4.74,8.95,200,70,80,100
990,S011,35,PLPWCP6,4.65,8.95,110,70,80,100
197,S003,35,PRY179,5.37,8.95,100,70,70,100
328,S008,35,PRY168,5.55,8.95,100,70,70,100
966,S013,35,PQUEC655,4.74,8.95,790,70,90,100
1094,S009,20,Pbre16,7.26,11,1000,70,20,100
445,S004,20,PWM0014D,7.92,12.99,300,70,90,100
292,S005,20,PWM0015D,9.35,12.99,300,70,60,100
827,S003,20,PR1101EL3,6.88,12.99,260,70,90,100
885,S006,20,PRY167,7.14,12.99,250,70,70,100
1041,S015,20,PCR1142,9.74,12.99,250,70,90,100
684,S009,20,PSPT0058,10.94,14.99,300,70,50,100
991,S008,20,PSolo12,10.94,14.99,210,70,40,100
745,S015,20,PQB983,12.78,20.95,300,70,90,100
993,S005,20,PQUEC056,14.46,20.95,300,70,100,100
232,S009,20,PSolo02,13.83,20.95,200,70,50,100
1012,S001,20,PSB16808,11.52,20.95,150,70,70,100
557,S004,20,PR311417,11.94,20.95,150,70,30,100
559,S015,20,PR311415,13.83,20.95,150,70,80,100
1042,S005,20,PCR1139,11.52,20.95,120,70,20,100
120,S009,10,Pbre2,30.3,40.95,1000,70,30,100
954,S010,50,PGE2087,1.86,2.95,1260,80,100,100
767,S001,50,PR1101EL26,1.48,2.95,990,80,20,100
937,S007,50,PR1101EL13,1.71,2.95,900,80,100,100
277,S015,50,PR1101EL2,1.53,2.95,870,80,70,100
760,S013,50,PXEL334,1.74,2.95,820,80,80,100
807,S002,50,PQUEC649,2.05,3.95,740,80,30,100
32,S007,50,PH0673.01,2.96,3.95,720,80,20,100
919,S003,50,PQB1190,2.41,3.95,700,80,70,100
1270,S011,50,PFB117WT,2.8,3.95,600,80,60,100
1036,S007,50,PQB1119,2.88,3.95,600,80,60,100
1341,S002,50,PF48249,1.98,3.95,550,80,90,100
1342,S012,50,PF48291,2.73,3.95,550,80,50,100
1009,S003,40,PF48190,2.97,4.95,510,80,20,100
1289,S001,40,PNlook040,3.42,4.95,500,80,20,100
1311,S012,40,PPA1PI,2.77,4.95,500,80,80,100
1276,S015,40,PPABLU,3.07,4.95,500,80,40,100
1076,S007,40,PM2130,3.37,4.95,500,80,30,100
1440,S013,40,PXEL312,3.32,4.95,500,80,20,100
255,S006,40,PF4314,3.22,4.95,500,80,100,100
386,S002,40,PF4327,2.77,4.95,500,80,50,100
1359,S015,35,Ph0683.03,4.17,5.95,450,80,10,100
1358,S008,35,PH0683.04,4.34,5.95,450,80,50,100
1415,S003,35,PNlook015,3.51,5.95,410,80,70,100
1172,S008,35,PC799,3.57,5.95,400,80,40,100
347,S003,35,PF4297,3.75,5.95,400,80,40,100
1388,S003,35,PSB16825,3.33,5.95,400,80,40,100
1134,S002,35,P0571G-82,4.28,5.95,400,80,40,100
1147,S004,35,PABCOP13,4.28,5.95,400,80,40,100
1097,S001,35,PH0778.02,3.99,5.95,400,80,30,100
1174,S001,35,PF48274,4.11,5.95,400,80,30,100
834,S005,35,PH0681.04,3.33,5.95,340,80,60,100
1089,S005,35,PR1513.24,3.99,5.95,300,80,80,100
1,S013,35,PXEL356,4.05,5.95,300,80,40,100
1237,S015,35,PSPT0031,3.57,5.95,300,80,60,100
1220,S011,35,PSPT0040,4.28,5.95,300,80,80,100
1221,S005,35,PSPT0037G,3.45,5.95,300,80,70,100
1043,S005,35,PM2147,4.4,5.95,300,80,70,100
1109,S006,35,PBosie006,4.46,5.95,300,80,60,100
1424,S007,35,PNlook025,4.4,5.95,300,80,30,100
395,S002,35,PWM0010c,4.4,5.95,300,80,30,100
453,S008,35,PWM0011b,3.99,5.95,300,80,80,100
158,S001,35,PS298050,3.81,5.95,100,80,100,100
161,S011,35,PS322814,3.69,5.95,100,80,30,100
174,S011,35,PRY28,3.71,6.75,100,80,20,100
498,S006,35,PR2306.13,3.98,6.75,100,80,30,100
501,S012,35,PR2306.18,3.65,6.75,100,80,70,100
118,S002,35,PR2306.17,4.73,6.75,100,80,20,100
531,S006,35,PABCOP3,3.85,6.75,100,80,50,100
742,S004,35,PBosie011,3.38,6.75,100,80,50,100
979,S013,35,PQB1109,3.71,6.75,90,80,70,100
213,S007,35,PSolo19,4.46,6.75,50,80,60,100
216,S015,35,PG2220S,4.05,6.75,50,80,70,100
674,S010,35,PSolo23,3.44,6.75,50,80,20,100
97,S003,35,PH0672.01,4.66,6.75,50,80,20,100
687,S014,35,P251/1489,4.73,6.75,20,80,80,100
65,S010,35,PM2123,4.12,6.75,10,80,80,100
802,S003,35,PH111309,4.25,6.75,400,80,50,100
203,S002,35,PH2285,3.85,6.75,50,80,80,100
1120,S009,35,PF4338,3.65,6.75,500,80,70,100
702,S003,35,PWM0018B,3.92,6.75,300,80,20,100
708,S007,35,PWM0019D,3.65,6.75,300,80,50,100
711,S001,35,PWM0019C,3.71,6.75,300,80,10,100
709,S005,35,PWM0018A,4.32,6.75,300,80,20,100
669,S004,35,PSolo10,3.84,6.85,200,80,70,100
882,S013,35,PC381,5.19,7.99,1500,80,30,100
623,S012,35,PH0624.02,4.56,8.95,230,80,20,100
475,S011,35,PSB29017,4.92,8.95,200,80,80,100
563,S010,35,PSBMOSS10,5.46,8.95,200,80,80,100
485,S008,35,PSL151,5.28,8.95,200,80,20,100
869,S012,35,PSm12,6,8.95,200,80,50,100
397,S014,35,PRY143,5.91,8.95,200,80,50,100
105,S013,35,PRY202,5.01,8.95,100,80,10,100
1201,S014,35,PCR920,5.46,8.95,100,80,50,100
688,S013,35,PCR2025,5.73,8.95,100,80,30,100
968,S009,35,PQB1137,5.1,8.95,620,80,80,100
1095,S006,20,Pbre17,7.81,11,1000,80,100,100
878,S006,20,PSB16800,6.88,12.99,260,80,30,100
962,S013,20,PR1101EL30,7.53,12.99,260,80,30,100
323,S014,20,PC838 G-136,8.7,12.99,250,80,90,100
651,S009,20,PCASON14,8.83,12.99,250,80,40,100
1377,S014,20,PWM00B16,8.96,12.99,240,80,70,100
280,S009,20,PSPT0054,11.24,14.99,300,80,20,100
426,S010,20,PSPT0055,9.74,14.99,300,80,30,100
382,S006,20,PSPT0062,10.79,14.99,300,80,60,100
591,S012,20,P2001PU.18,9.89,14.99,230,80,60,100
324,S002,20,P0571G-30,8.09,14.99,300,80,100,100
723,S004,20,P76-16,10.48,20.95,300,80,30,100
377,S002,20,PXEL330,15.5,20.95,300,80,40,100
431,S003,20,PXEL322,11.73,20.95,300,80,90,100
575,S012,20,P1003HQEL.18,12.78,20.95,230,80,70,100
808,S015,20,PF394008,15.5,20.95,180,80,80,100
556,S014,20,PR311412,12.78,20.95,150,80,30,100
560,S001,20,PR311418,13.41,20.95,150,80,10,100
121,S008,50,PQUEC659,1.68,2.95,800,90,20,100
916,S004,50,PQB1192,2.65,3.95,700,90,20,100
1298,S002,50,PFBSK8,2.73,3.95,600,90,50,100
1035,S002,50,PQB1114,2.65,3.95,600,90,50,100
1309,S015,40,PNlook044,2.82,4.95,500,90,60,100
1080,S006,40,PM2132,2.77,4.95,500,90,70,100
268,S007,40,PF4308,2.57,4.95,500,90,70,100
275,S010,40,PF4313,3.37,4.95,500,90,70,100
449,S010,40,PF4333,2.87,4.95,500,90,50,100
1250,S002,35,P0571G-51,4.34,5.95,400,90,40,100
1257,S002,35,P0571G-53,3.09,5.95,400,90,30,100
1317,S015,35,P0571G-69,3.81,5.95,400,90,60,100
817,S013,35,PSB29005,3.33,5.95,400,90,30,100
1409,S009,35,P76-22,3.81,5.95,400,90,90,100
790,S001,35,PH0681.17,4.46,5.95,400,90,50,100
1062,S012,35,PQB1100,3.93,5.95,400,90,60,100
829,S011,35,P0571G-27,4.28,5.95,310,90,80,100
1148,S011,35,PR1101EL36,3.51,5.95,300,90,60,100
378,S006,35,PR2306.04,3.15,5.95,300,90,70,100
1110,S010,35,PXEL355,4.28,5.95,300,90,60,100
1235,S002,35,PSPT0037,3.09,5.95,300,90,50,100
1226,S008,35,PSPT0033,3.27,5.95,300,90,30,100
1232,S004,35,PSPT0023,4.22,5.95,300,90,30,100
248,S013,35,PM2146,4.11,5.95,300,90,50,100
465,S006,35,PQB979,3.03,5.95,300,90,30,100
289,S007,35,PLJCMP002,4.19,6.75,60,90,60,100
366,S010,35,Pspringbar18,4.93,6.75,50,90,50,100
219,S013,35,PQB1090,4.93,6.75,50,90,40,100
218,S005,35,PG2222S,4.32,6.75,50,90,30,100
107,S006,35,PCR1025,4.79,6.75,50,90,30,100
298,S014,35,PF4337,4.79,6.75,500,90,20,100
781,S004,35,PH2278,3.38,6.75,400,90,70,100
771,S009,35,PH0681.11,3.92,6.75,400,90,50,100
783,S004,35,PH2280,5,6.75,400,90,60,100
565,S011,35,P1003HQEL.29,3.96,7.48,230,90,20,100
578,S004,35,P1003HQ.10,6.71,8.95,230,90,20,100
352,S008,35,PSBMOSS08,5.91,8.95,200,90,80,100
401,S004,35,PRY145,4.92,8.95,200,90,40,100
483,S002,35,PRY162,4.65,8.95,200,90,90,100
330,S004,35,PRY178,6.53,8.95,100,90,30,100
348,S003,35,PRY172,5.1,8.95,100,90,10,100
1214,S002,35,PATLH1,5.55,8.95,100,90,10,100
692,S003,35,PCR1616,5.91,8.95,100,90,20,100
54,S013,35,PRY186,5.19,8.95,100,90,30,100
45,S009,35,PRY191,6.35,8.95,100,90,60,100
454,S011,20,PWM0014C,7.01,12.99,300,90,90,100
879,S009,20,PSB16801,6.75,12.99,260,90,10,100
894,S012,20,PWM00B11,7.66,12.99,240,90,40,100
665,S009,20,PSm18,10.94,14.99,300,90,20,100
598,S006,20,P1001BL.12,8.54,14.99,230,90,50,100
22,S010,20,P0571G-29,9.91,15.99,300,90,100,100
1367,S008,20,PN020.3,12.99,20.95,300,90,90,100
375,S007,20,PXEL331,12.57,20.95,300,90,70,100
101,S009,20,PXEL332,13.62,20.95,300,90,80,100
299,S001,20,PBosie012,10.68,20.95,100,90,50,100
851,S003,20,PSPT0012,12.78,20.95,160,90,90,100
246,S008,20,PR311414,14.67,20.95,150,90,40,100
99,S015,50,PC411,1.48,2.95,2000,100,80,70
1331,S011,50,Pbre13,1.98,2.95,1000,100,40,100
1113,S003,50,PQB1103,1.74,2.95,820,100,90,100
848,S007,50,PQB1188,2.21,3.95,690,100,30,100
1165,S011,50,PFBSK1,2.61,3.95,600,100,70,40
1269,S015,50,PFBSK3,1.98,3.95,600,100,90,90
1084,S010,50,PLJCMP006,2.33,3.95,600,100,90,30
1065,S011,50,PLPWCP1,2.01,3.95,600,100,80,70
247,S005,50,PQB1102,2.88,3.95,560,100,90,90
1300,S006,40,PH0769.02,3.47,4.95,500,100,20,90
1282,S001,40,PPR1,2.82,4.95,500,100,80,80
241,S012,40,PPWL2387,2.67,4.95,500,100,40,90
1075,S003,40,PM2134,2.52,4.95,500,100,40,20
1343,S011,40,PXEL302,2.57,4.95,500,100,90,80
1436,S009,40,PXEL310,2.92,4.95,500,100,30,40
270,S011,40,PF4306,3.22,4.95,500,100,50,40
1337,S004,35,Ph0683.09,4.22,5.95,450,100,10,90
1364,S013,35,PH0681.28,3.87,5.95,450,100,90,30
712,S010,35,PC420,4.4,5.95,400,100,50,50
1299,S004,35,PF4288,3.69,5.95,400,100,30,10
1124,S015,35,PF4285,3.69,5.95,400,100,80,90
1393,S011,35,PC805,3.75,5.95,400,100,10,50
1385,S007,35,PSB16824,3.81,5.95,400,100,60,30
1139,S014,35,P0571G-81,3.33,5.95,400,100,80,80
1145,S015,35,P0571G-76,3.69,5.95,400,100,100,10
1143,S010,35,P0571G-78,3.63,5.95,400,100,50,60
1112,S015,35,PH111303,3.33,5.95,400,100,50,80
787,S011,35,PH111306,3.27,5.95,400,100,70,100
1061,S005,35,PQB1099,4.22,5.95,400,100,30,50
762,S012,35,PR1101EL21,4.46,5.95,310,100,70,50
1090,S005,35,PR1513.26,3.27,5.95,300,100,80,70
7,S009,35,PR1101EL49,3.09,5.95,300,100,30,30
921,S015,35,PXEL346,4.28,5.95,300,100,50,70
1231,S002,35,PSPT0022,3.45,5.95,300,100,60,80
95,S006,35,PM5451,3.93,5.95,300,100,10,30
1419,S006,35,PNlook020,3.39,5.95,300,100,90,50
1421,S003,35,PNlook022,3.33,5.95,300,100,30,60
150,S011,35,PS370902,3.21,5.95,100,100,70,10
175,S002,35,PSB16806,4.4,5.95,100,100,80,90
507,S005,35,PR311104,4.32,6.75,100,100,50,30
506,S001,35,PR311102,4.79,6.75,100,100,50,70
513,S003,35,PAG1Batt,3.65,6.75,100,100,60,80
525,S009,35,PAG4,3.78,6.75,100,100,80,50
522,S008,35,PABCOP28,4.86,6.75,100,100,20,50
530,S004,35,PABCOP19,3.44,6.75,100,100,10,60
520,S010,35,PABCOP21,4.19,6.75,100,100,90,80
515,S004,35,PABCOP16,4.12,6.75,100,100,10,20
521,S009,35,PABCOP30,4.79,6.75,100,100,70,10
228,S011,35,PLJCMP001,4.52,6.75,60,100,60,90
128,S003,35,PCLR1,3.44,6.75,50,100,50,10
210,S004,35,PC415,4.12,6.75,50,100,50,70
784,S015,35,PH0681.08,3.85,6.75,400,100,70,60
650,S008,35,PCASON17,4.05,6.75,250,100,50,50
645,S003,35,PSolo08,3.44,6.75,200,100,100,50
662,S002,35,PF394016,3.98,6.99,350,100,20,70
621,S001,35,PH0204.03.01,6.09,8.95,230,100,40,50
619,S007,35,PGHC005,5.55,8.95,230,100,80,100
476,S012,35,PSBMOP01,5.37,8.95,200,100,30,20
1163,S002,35,PSBMOSS12,6.62,8.95,200,100,90,40
870,S009,35,PSL501,6.71,8.95,200,100,30,80
402,S012,35,PRY146,6.62,8.95,200,100,60,30
403,S005,35,PRY148,5.37,8.95,200,100,40,90
668,S002,35,PSm19,5.91,8.95,200,100,90,30
1157,S008,35,PSB16814,6.62,8.95,100,100,40,60
55,S003,35,PRY201,5.19,8.95,100,100,100,40
691,S006,35,PCR1620,6.53,8.95,100,100,20,90
1191,S005,35,PF394007,4.83,8.95,100,100,100,40
1208,S001,35,PF394003,6.09,8.95,100,100,50,100
689,S003,35,PCR2320,6.09,8.95,100,100,30,20
969,S001,35,PQB1189,5.1,8.95,690,100,90,100
1096,S013,20,Pbre18,6.05,11,1000,100,90,50
413,S010,20,PCASON11,6.75,12.99,250,100,90,30
814,S006,20,P1149-UA,7.53,12.99,240,100,60,90
638,S004,20,PTS4004,11.24,14.99,300,100,70,90
604,S008,20,P1001BR.12,7.94,14.99,230,100,50,90
986,S003,20,PQB982,14.46,20.95,300,100,40,60
1375,S009,20,PN023.1,12.15,20.95,300,100,60,70
577,S001,20,P1003HQEL.23,10.89,20.95,230,100,40,50
655,S005,20,PR311201,15.29,20.95,150,100,50,40
1117,S001,20,PXEL364,11.52,20.95,140,100,40,60
938,S012,20,PC416,14.04,20.95,140,100,10,50
901,S014,20,PS297937,14.04,20.95,130,100,60,30
240,S005,20,P0571G-28,14.46,20.95,300,100,80,80
227,S003,50,PG2226S,1.62,2.95,1050,110,70,10
1327,S014,50,PLPWCP7,1.92,2.95,1000,110,70,60
766,S008,50,PR1101EL25,1.77,2.95,970,110,80,80
867,S004,50,PSPT0015,2.21,2.95,970,110,20,100
326,S015,50,PQUEC652,1.92,2.95,750,110,30,50
1039,S004,50,PR1101EL15,1.98,3.95,740,110,40,50
917,S006,50,PQB1193,2.73,3.95,700,110,30,70
1071,S013,50,PLPWCP10,2.09,3.95,600,110,70,30
1066,S001,50,PLPWCP11,2.01,3.95,600,110,10,70
818,S003,40,PF48199,2.67,4.95,520,110,50,80
1314,S014,40,PNlook046,3.02,4.95,500,110,50,30
311,S008,40,PM2128,2.72,4.95,500,110,40,50
1428,S004,40,PXEL294,2.82,4.95,500,110,30,60
1437,S005,40,PXEL301,2.77,4.95,500,110,20,10
1350,S009,40,PXEL319,2.72,4.95,500,110,40,90
1351,S012,40,PXEL311,2.48,4.95,500,110,40,30
256,S002,40,PF4316,3.17,4.95,500,110,50,70
36,S004,35,PH0673.02,3.87,5.95,470,110,30,80
1322,S002,35,PC800,4.22,5.95,400,110,70,50
720,S009,35,PC807,3.33,5.95,400,110,50,50
1245,S014,35,P0571G-60,3.39,5.95,400,110,40,60
1392,S011,35,PSB16822,3.75,5.95,400,110,90,80
1320,S007,35,P0571G-85,3.39,5.95,400,110,40,20
1406,S009,35,P76-21,3.75,5.95,400,110,50,10
1286,S014,35,PABCOP12,3.93,5.95,400,110,60,90
1173,S006,35,PF48255,3.09,5.95,400,110,100,10
791,S015,35,PH0681.18,3.75,5.95,400,110,30,70
786,S006,35,PH111305,4.22,5.95,400,110,10,60
1384,S002,35,PWM00B15,3.69,5.95,400,110,40,50
647,S013,35,PBosie004,3.39,5.95,400,110,50,50
836,S013,35,PH0681.06,4.4,5.95,340,110,10,70
809,S003,35,P0571G-22,3.69,5.95,330,110,40,50
191,S007,35,PR1101EL8,3.51,5.95,300,110,100,100
1153,S008,35,PR1101EL40,4.46,5.95,300,110,70,20
1238,S008,35,PSPT0035,4.22,5.95,300,110,60,40
769,S008,35,PM2145,3.09,5.95,300,110,40,80
409,S004,35,PN019.2,4.05,5.95,300,110,70,30
1426,S014,35,PNlook027,3.27,5.95,300,110,50,50
466,S015,35,PQB1201,4.17,5.95,300,110,90,30
472,S003,35,PQB971,3.21,5.95,300,110,80,80
947,S015,35,PSPT0046,3.99,5.95,100,110,90,10
153,S005,35,PS370898,3.21,5.95,100,110,30,60
503,S004,35,PR2306.22,4.19,6.75,100,110,70,80
508,S002,35,PABCOP33,4.79,6.75,100,110,10,100
535,S008,35,PABCOP4,4.05,6.75,100,110,70,50
533,S011,35,PABCOP14,3.92,6.75,100,110,40,50
981,S004,35,PQB1111,5,6.75,80,110,100,70
143,S004,35,PCR1137,4.52,6.75,50,110,100,30
142,S011,35,PCR1136,4.39,6.75,50,110,20,70
782,S011,35,PH2279,4.66,6.75,400,110,60,80
1005,S015,35,PF48286,3.44,6.75,400,110,70,30
417,S008,35,PF48143,4.05,6.75,500,110,40,50
415,S006,35,PF48141,4.93,6.75,500,110,70,60
698,S006,35,PWM007A,4.25,6.75,300,110,50,10
670,S006,35,PWM00B10,3.77,6.85,300,110,20,90
3,S014,35,P0571G-43,4.5,7.5,300,110,10,30
201,S012,35,PIEKE3355,5.37,7.89,50,110,10,70
176,S009,35,P0571G-42,4.85,8.51,300,110,30,80
813,S006,35,PSolo16,6.62,8.95,230,110,50,50
624,S014,35,PH0624.01,5.55,8.95,230,110,80,50
477,S002,35,PSBMOSS15,6.71,8.95,200,110,60,60
116,S006,35,PCR1145,5.37,8.95,100,110,100,80
305,S014,35,PSB16813,5.46,8.95,100,110,50,20
196,S001,35,PRY181,4.65,8.95,100,110,70,50
186,S001,35,P0571G-38,5.79,9.65,300,110,90,30
895,S003,20,PXEL102_3_3,8.05,12.99,240,110,50,80
29,S010,20,PSPT0063,10.79,14.99,300,110,50,10
593,S010,20,P2001PU.22,10.79,14.99,230,110,30,60
321,S013,20,PQB1126,11.17,15.95,600,110,60,80
734,S001,20,P76-19,14.25,20.95,300,110,60,100
736,S004,20,P3631-UA,11.52,20.95,300,110,20,50
737,S001,20,P4000-1BF,14.04,20.95,300,110,10,50
442,S003,20,PXEL320,15.71,20.95,300,110,80,70
728,S012,20,P3631-BF,11.73,20.95,300,110,70,30
572,S006,20,P1003HQEL.12,14.67,20.95,230,110,90,70
337,S013,20,PSolo06,11.52,20.95,200,110,100,80
985,S010,20,PSB29011,11.1,20.95,190,110,20,30
838,S001,20,PSB29013,10.68,20.95,190,110,20,50
855,S003,20,PSPT0016,15.71,20.95,160,110,90,60
854,S009,20,PSPT0019,11.73,20.95,160,110,70,10
550,S015,20,PR311410,10.89,20.95,150,110,100,90
552,S012,20,PR311408,10.89,20.95,150,110,60,30
555,S013,20,PR311406,12.15,20.95,150,110,30,70
549,S009,20,PR311404,12.78,20.95,150,110,20,80
561,S005,20,PR311416,10.48,20.95,150,110,50,50
302,S011,20,PCASON18,14.25,22.99,250,110,70,50
102,S014,50,Pbre6,1.95,2.95,3000,120,20,60
194,S008,50,PG2227S,1.48,2.95,1100,120,80,80
1188,S002,50,PCR33400,1.56,2.95,920,120,70,50
63,S004,50,PM2126,1.83,2.95,840,120,20,30
1156,S003,50,PQB1198,2.92,3.95,700,120,40,80
1209,S010,50,PCR33402,2.61,3.95,690,120,20,10
847,S003,50,PQB1187,2.09,3.95,690,120,70,60
845,S005,50,PQB1180,2.17,3.95,680,120,30,80
1083,S005,50,PLJCMP009,2.84,3.95,600,120,80,100
1026,S012,50,PQB1112,2.8,3.95,600,120,40,50
1268,S006,40,PNlook032,3.42,4.95,500,120,80,50
1310,S012,40,PPA1BL,2.92,4.95,500,120,70,70
1308,S007,40,PNlook045,3.22,4.95,500,120,60,30
1307,S002,40,PNlook042,3.17,4.95,500,120,50,70
1078,S013,40,PM2133,3.47,4.95,500,120,20,80
1348,S012,40,PF4298,3.47,4.95,500,120,80,30
342,S003,40,PF4303,3.56,4.95,500,120,20,50
1059,S004,40,PF4323,2.87,4.95,500,120,40,60
716,S012,35,PC428,4.4,5.95,400,120,20,110
1386,S006,35,PSB16823,3.15,5.95,400,120,90,110
1390,S002,35,PSB16827,4.05,5.95,400,120,70,110
1128,S015,35,PSB29003,3.39,5.95,400,120,100,110
1404,S002,35,P76-20,3.93,5.95,400,120,30,110
759,S012,35,PF390200,3.33,5.95,400,120,70,110
1378,S005,35,PWM00B6,4.4,5.95,400,120,100,110
755,S007,35,PF390201,3.15,5.95,400,120,50,110
1057,S014,35,PQB1098,3.63,5.95,400,120,70,110
835,S007,35,PH0681.07,3.33,5.95,340,120,70,110
6,S004,35,PR1101EL48,4.4,5.95,300,120,80,110
245,S008,35,PR2306.07,3.39,5.95,300,120,20,110
25,S009,35,PR1513.20,3.51,5.95,300,120,50,110
26,S015,35,PR1101EL35,3.93,5.95,300,120,50,120
926,S002,35,PXEL362,4.11,5.95,300,120,30,120
910,S012,35,PXEL361,3.87,5.95,300,120,80,120
1425,S008,35,PNlook026,3.33,5.95,300,120,30,120
468,S004,35,PQB1200,3.15,5.95,300,120,50,120
325,S015,35,PTDA.103G,4.11,5.95,300,120,30,30
159,S009,35,PS301760,3.69,5.95,100,120,60,80
738,S008,35,PR2306.19,4.39,6.75,100,120,90,30
740,S010,35,PR2306.25,4.52,6.75,100,120,90,50
509,S012,35,PABCOP8,4.79,6.75,100,120,80,30
640,S003,35,Padrpairs,3.78,6.75,100,120,50,60
523,S001,35,PAG12,3.78,6.75,100,120,80,90
537,S001,35,PABCOP2,5.06,6.75,100,120,40,90
978,S013,35,PQB1108,3.98,6.75,90,120,10,80
1018,S012,35,PLPWCP8,3.51,6.75,60,120,40,50
744,S014,35,PCASON22,4.59,6.75,50,120,90,80
135,S015,35,PCASON4,3.85,6.75,50,120,80,40
204,S007,35,PH2282,3.65,6.75,50,120,20,10
251,S006,35,P251/1495,4.59,6.75,30,120,100,40
1000,S004,35,P0571G-65,3.78,6.75,400,120,50,90
1007,S014,35,PF48288,4.86,6.75,400,120,10,80
362,S005,35,PF4339,3.58,6.75,500,120,90,20
785,S003,35,PH0681.09,3.58,6.76,400,120,40,100
250,S007,35,P251/1496,5.03,6.99,30,120,70,50
989,S015,35,PH0685.04,5.39,7.49,480,120,70,10
583,S014,35,P1003HQ.20,6,8.95,230,120,10,90
1013,S008,35,PSB29030,5.46,8.95,200,120,60,40
1168,S015,35,PSB29026,5.37,8.95,200,120,20,70
735,S008,35,PSBMOSS17,6.62,8.95,200,120,70,70
484,S003,35,PSL139,4.65,8.95,200,120,90,10
861,S011,35,Psm06,5.91,8.95,200,120,40,60
876,S002,35,PSL190,4.83,8.95,200,120,20,20
667,S010,35,PSm20,5.46,8.95,200,120,70,70
1215,S005,35,PBL5059,6.18,8.95,100,120,70,90
695,S009,35,PCR2430,6.09,8.95,100,120,70,40
284,S001,35,PCR33397,6,8.95,100,120,60,20
48,S004,35,PRY200,4.48,8.95,100,120,70,70
329,S015,35,PRY177,5.1,8.95,100,120,70,70
1217,S012,35,PATLH2,5.37,8.95,100,120,40,30
344,S007,35,PQB1124,6.17,9.95,600,120,30,80
82,S014,20,PBMA1,6.5,12.99,270,120,90,30
958,S010,20,PR1101EL5,8.7,12.99,260,120,90,50
653,S002,20,PCASON13,7.27,12.99,250,120,20,30
897,S015,20,PXEL102_3_2,6.62,12.99,240,120,10,60
18,S009,20,PTDA.102G,7.64,14.99,300,120,10,90
597,S013,20,P1001BL.10,7.94,14.99,230,120,100,90
899,S001,20,PSolo15,11.09,14.99,220,120,80,80
361,S002,20,PSBMOSS07,8.69,14.99,200,120,30,50
730,S008,20,P4000-1UA,14.67,20.95,300,120,100,80
437,S010,20,PXEL328,14.46,20.95,300,120,90,40
724,S009,20,P4000-3BF,12.78,20.95,300,120,70,10
396,S006,20,PXEL333,14.67,20.95,300,120,60,40
585,S008,20,P1003HQEL.25,12.78,20.95,230,120,60,90
587,S008,20,P1003HQEL.21,15.71,20.95,230,120,30,80
839,S015,20,PSB29012,10.89,20.95,190,120,100,20
992,S004,20,PQB1096,14.25,20.95,160,120,50,100
551,S011,20,PR311407,14.25,20.95,150,120,90,50
544,S014,20,PR311403,13.2,20.95,150,120,30,10
1333,S010,50,Pbre10,2.12,2.95,1000,130,60,90
42,S004,50,PXEL342,1.92,2.95,810,130,60,40
850,S010,50,PQB1186,2.8,3.95,690,130,90,70
840,S014,50,PQB1183,2.09,3.95,680,130,60,70
822,S006,50,PQB1136,2.53,3.95,620,130,50,10
1291,S015,50,PFB193WT,2.61,3.95,600,130,10,60
923,S009,50,PFB080BW,2.77,3.95,560,130,80,20
1115,S002,40,PR1101EL17,3.56,4.95,530,130,30,70
1383,S015,40,PNlook036,2.48,4.95,500,130,60,90
1295,S011,40,PH0774.04,3.42,4.95,500,130,80,40
1288,S005,40,PNlook039,3.17,4.95,500,130,40,20
1077,S007,40,PM2131,3.32,4.95,500,130,80,70
1431,S008,40,PXEL292,3.22,4.95,500,130,70,70
1401,S001,40,PXEL317,2.92,4.95,500,130,40,30
357,S008,40,PF4305,3.51,4.95,500,130,70,80
369,S004,40,PF4301,2.92,4.95,500,130,80,30
1135,S009,40,PF4311,2.72,4.95,500,130,40,50
260,S010,40,PF4322,3.02,4.95,500,130,70,30
384,S009,40,PF4326,3.17,4.95,500,130,30,60
940,S008,35,PH0681.27,3.21,5.95,440,130,40,90
714,S001,35,PC419,4.4,5.95,400,130,30,90
1336,S009,35,PF4287,4.05,5.95,400,130,40,80
1304,S010,35,PF4289,4.22,5.95,400,130,70,50
1244,S013,35,P0571G-61,3.57,5.95,400,130,40,80
1258,S013,35,P0571G-56,4.17,5.95,400,130,80,40
1408,S008,35,P76-25,4.28,5.95,400,130,20,10
1389,S006,35,PH0776.02,2.98,5.95,400,130,70,40
788,S014,35,PH111307,3.09,5.95,400,130,30,90
779,S014,35,PH2271,3.21,5.95,400,130,50,80
271,S005,35,PF394012,4.05,5.95,350,130,50,20
59,S010,35,PXEL351,3.87,5.95,300,130,50,100
122,S009,35,PR1513.28,3.09,5.95,300,130,60,50
1236,S015,35,PSPT0028,3.99,5.95,300,130,30,10
1219,S014,35,PSPT0026,3.33,5.95,300,130,30,90
1239,S001,35,PSPT0032,3.63,5.95,300,130,50,40
1049,S008,35,PM2152,3.03,5.95,300,130,80,70
1044,S003,35,PM2155,4.28,5.95,300,130,100,70
281,S007,35,PM5448,4.34,5.95,300,130,100,10
345,S014,35,PBosie008,3.87,5.95,300,130,40,60
469,S005,35,PQB973,3.93,5.95,300,130,80,20
451,S015,35,PVinnicAG5,3.87,5.95,300,130,20,70
379,S010,35,PVinnicAG4,3.93,5.95,300,130,20,90
1218,S001,35,PATLH5,4.17,5.95,100,130,20,40
505,S012,35,PR2307.01,3.44,6.75,100,130,30,20
514,S003,35,PAG3,3.85,6.75,100,130,80,70
528,S010,35,PABCOP17,4.46,6.75,100,130,80,70
518,S003,35,PABCOP27,3.65,6.75,100,130,90,30
215,S003,35,PQB1093,3.65,6.75,50,130,70,80
109,S005,35,PXEL102_3_5,3.71,6.75,50,130,40,30
673,S015,35,PSolo22,4.25,6.75,50,130,70,50
141,S005,35,PCASON9,3.58,6.75,50,130,50,30
138,S002,35,PCR1135,3.92,6.75,50,130,100,60
276,S004,35,PR1101EL19,4.05,6.75,20,130,20,90
1004,S005,35,PF48290,3.38,6.75,400,130,40,90
820,S002,35,PFB117BK,5.06,6.75,570,130,70,80
707,S014,35,PWM001A,3.38,6.75,300,130,40,50
701,S002,35,PWM002B,4.52,6.75,300,130,50,80
568,S015,35,P1003HQEL.34,5.46,7.48,230,130,70,40
569,S012,35,P1003HQEL.33,4.19,7.48,230,130,60,10
933,S008,35,PF48282,3.87,7.74,710,130,80,40
825,S001,35,PSolo17,4.48,8.95,230,130,40,90
622,S005,35,PH0204.03.02,4.48,8.95,230,130,90,80
355,S010,35,PSBMOSS06,5.37,8.95,200,130,20,20
490,S001,35,PSBMOSC01,5.01,8.95,200,130,90,100
358,S006,35,PSBMOSS05,6.09,8.95,200,130,20,50
478,S014,35,PSB29022,4.48,8.95,200,130,70,10
404,S010,35,PRY147,5.91,8.95,200,130,100,90
497,S014,35,PRY153,5.19,8.95,200,130,50,40
666,S014,35,PSm17,6.09,8.95,200,130,20,70
46,S005,35,PRY194,6.44,8.95,100,130,30,70
47,S007,35,PRY193,4.74,8.95,100,130,80,10
184,S004,35,P0571G-39,6.47,9.65,300,130,100,60
180,S006,20,P0571G-33,8.51,11.99,300,130,50,20
880,S010,20,PSB16802,8.31,12.99,260,130,20,70
939,S009,20,Pbre1,7.4,12.99,250,130,80,90
410,S010,20,PCASON12,7.53,12.99,250,130,10,40
683,S007,20,PWM0011a,7.94,14.99,300,130,100,20
743,S015,20,PQB984,12.15,20.95,300,130,40,70
995,S006,20,PQUEC647,14.46,20.95,300,130,90,50
727,S008,20,P2001PU.12,10.68,20.95,300,130,50,50
731,S001,20,P4000-3UA,13.41,20.95,300,130,80,60
573,S008,20,P1003HQEL.14,11.73,20.95,230,130,60,30
942,S005,20,PSB16812,15.08,20.95,170,130,20,30
312,S004,20,PSB16809,12.57,20.95,150,130,20,50
108,S009,20,PR311413,14.04,20.95,150,130,90,80
1014,S010,20,PSB16816,11.73,20.95,120,130,60,100
1324,S011,50,Pbre4,1.86,2.95,1500,140,60,100
928,S012,50,PGE2089,2.09,2.95,1300,140,60,40
1011,S009,50,PR1101EL14,1.53,2.95,950,140,90,80
1330,S007,50,PR1101EL12,1.65,2.95,900,140,20,20
1329,S009,50,PQUEC657,1.8,2.95,800,140,50,20
1293,S015,50,PXEL102_3_9,1.8,2.95,780,140,40,20
394,S014,50,PF48279,2.41,3.95,700,140,90,30
285,S010,50,PLJCMP004,2.73,3.95,600,140,80,80
452,S014,50,PLPWCP4,2.53,3.95,600,140,50,80
1028,S014,50,PQB1113,2.88,3.95,600,140,70,90
81,S005,50,PBL5060,2.33,3.95,580,140,10,70
1340,S005,50,PF48251,2.17,3.95,550,140,80,40
1278,S001,40,PPA1RD,3.42,4.95,500,140,80,70
272,S012,40,Ppw06,3.02,4.95,500,140,10,50
266,S014,40,PPWL2385,2.87,4.95,500,140,40,100
1073,S014,40,PM2135,3.51,4.95,500,140,90,20
1069,S012,40,PM2129,3.51,4.95,500,140,50,40
1439,S008,40,PXEL305,3.32,4.95,500,140,30,70
1347,S013,40,PXEL303,3.42,4.95,500,140,20,40
356,S011,40,PF4302,3.56,4.95,500,140,80,50
257,S013,40,PF4321,2.82,4.95,500,140,80,70
448,S002,40,PF4330,2.52,4.95,500,140,90,60
1249,S004,35,P0571G-52,3.51,5.95,400,140,70,80
1251,S008,35,P0571G-48,3.69,5.95,400,140,100,40
1260,S001,35,P0571G-46,4.05,5.95,400,140,30,90
1319,S014,35,P0571G-71,2.98,5.95,400,140,20,20
1318,S002,35,P0571G-73,3.21,5.95,400,140,50,90
1104,S014,35,PSB16830,3.99,5.95,400,140,70,20
1407,S013,35,P76-24,4.22,5.95,400,140,40,70
1177,S001,35,PF48273,3.51,5.95,400,140,70,100
754,S001,35,PDGiMPW,3.27,5.95,400,140,30,50
1395,S005,35,PNlook012,4.28,5.95,400,140,20,20
1397,S002,35,PNlook009,4.22,5.95,400,140,50,30
778,S005,35,PH2270,2.98,5.95,400,140,30,80
833,S003,35,PH0681.05,4.17,5.95,340,140,30,100
920,S001,35,P0571G-23,3.21,5.95,330,140,60,50
811,S006,35,P0571G-25,3.51,5.95,320,140,70,20
24,S008,35,PR1513.19,3.69,5.95,300,140,90,80
915,S014,35,PXEL344,3.57,5.95,300,140,10,10
1240,S008,35,PSPT0038,3.39,5.95,300,140,70,100
1416,S010,35,PNlook019,3.57,5.95,300,140,30,40
1414,S004,35,PNlook018,3.15,5.95,300,140,10,90
460,S009,35,PQB976,4.28,5.95,300,140,100,50
471,S006,35,PQB977,3.21,5.95,300,140,50,80
309,S004,35,PWM0011c,3.15,5.95,300,140,70,60
195,S010,35,PRY180,2.98,5.95,100,140,70,20
1195,S013,35,PCR33411,3.09,5.95,100,140,100,80
164,S011,35,PS370896,3.99,5.95,100,140,10,80
156,S013,35,PRY83,3.81,5.95,100,140,30,90
500,S005,35,PR2306.15,3.58,6.75,100,140,30,70
540,S005,35,PABCOP32,3.65,6.75,100,140,50,100
542,S006,35,PABCOP35,4.32,6.75,100,140,90,30
1021,S004,35,PABCOP37,3.44,6.75,100,140,70,20
534,S012,35,PABCOP15,3.85,6.75,100,140,30,50
536,S010,35,PABCOP5,4.32,6.75,100,140,20,70
333,S015,35,PQB1105,3.71,6.75,80,140,80,40
680,S002,35,Pspringbar6,5.06,6.75,50,140,40,70
75,S004,35,PXEL338,4.39,6.75,50,140,10,30
130,S013,35,PCASON6,4.93,6.75,50,140,30,20
746,S015,35,PH0670.02,4.93,6.75,50,140,10,50
1017,S012,35,P3435-BF,4.73,6.75,40,140,80,30
982,S007,35,P251/1494,3.71,6.75,30,140,60,30
773,S013,35,PH0681.13,4.59,6.75,400,140,30,60
997,S012,35,PF48285,4.12,6.75,400,140,80,70
633,S006,35,PF394009,4.68,6.99,350,140,80,90
1167,S009,35,PSB29029,6.18,8.95,200,140,90,10
864,S008,35,PSL500,5.55,8.95,200,140,50,70
860,S003,35,PSL703,5.37,8.95,200,140,70,30
495,S015,35,PRY156,5.46,8.95,200,140,100,10
1204,S015,35,PM2143,4.48,8.95,100,140,50,100
697,S009,35,PCR2032,4.92,8.95,100,140,50,50
1202,S002,35,PM2138,5.37,8.95,100,140,60,70
52,S013,35,PRY184,6.71,8.95,100,140,80,70
198,S007,35,PRY182,5.91,8.95,100,140,30,100
613,S012,35,PSPT0045,5.46,8.95,100,140,30,10
806,S011,35,PRY175,6.09,8.95,100,140,100,30
1158,S001,35,PSB16815,6.27,8.95,100,140,70,30
1192,S005,35,PCR1144,5.64,8.95,100,140,70,50
303,S014,35,PSPT0050,4.65,8.95,100,140,70,90
1092,S014,20,Pbre15,7.48,11,1000,140,100,70
1093,S012,20,Pbre19,8.14,11,1000,140,60,30
764,S011,20,PR1101EL23,7.4,12.99,280,140,80,20
892,S005,20,PWM00B5,7.92,12.99,240,140,60,80
608,S011,20,P1001BR.20,8.39,14.99,230,140,80,40
319,S013,20,PQB1127,11.8,15.95,600,140,50,10
287,S008,20,PQB985,13.62,20.95,300,140,30,30
1373,S009,20,PN021.2,13.83,20.95,300,140,50,10
725,S009,20,P76-18,14.25,20.95,300,140,50,80
1001,S012,20,PXEL318,12.57,20.95,300,140,80,60
998,S013,20,P0571G-67,11.73,20.95,400,140,70,30
584,S006,20,P1003HQEL.24,11.73,20.95,230,140,80,80
589,S007,20,P1003HQEL.22,11.52,20.95,230,140,50,80
1103,S009,20,PF48275,13.62,20.95,400,140,90,90
234,S002,20,PSolo03,13.83,20.95,200,140,80,50
852,S008,20,PSPT0018,14.25,20.95,160,140,80,70
649,S010,20,PQB1095,10.48,20.95,150,140,40,100
956,S007,20,PSB16820,15.08,20.95,120,140,20,50
73,S012,20,PRY190,15.71,20.95,120,140,70,50
1365,S015,10,PC1054,25.47,49.95,4000,140,60,60
830,S005,50,PGE2088,1.62,2.95,1260,150,90,80
106,S014,50,Pbre11,1.62,2.95,1000,150,90,30
57,S011,50,PH0681.03,1.53,2.95,920,150,70,30
206,S005,50,PR1101EL18,2.49,3.95,670,150,40,100
944,S012,50,PFB117RD,2.29,3.95,600,150,60,70
1354,S008,50,PF48294,2.84,3.95,550,150,60,70
1334,S015,40,PNlook035,3.51,4.95,500,150,90,70
1312,S012,40,PNlook047,3.42,4.95,500,150,60,100
1277,S002,40,PPAKko921,3.02,4.95,500,150,90,60
1085,S015,40,PM2137,3.07,4.95,500,150,100,80
1432,S011,40,PXEL293,3.22,4.95,500,150,60,60
1352,S001,40,PXEL304,3.07,4.95,500,150,70,80
253,S001,40,PF4318,3.51,4.95,500,150,20,50
1357,S015,35,Ph0683.08,3.57,5.95,450,150,30,30
34,S001,35,PH0672.03,3.15,5.95,430,150,60,50
1303,S005,35,PF4296,3.03,5.95,400,150,100,50
1261,S002,35,PF4292,3.15,5.95,400,150,100,80
718,S002,35,PC442,4.22,5.95,400,150,60,70
1243,S011,35,P0571G-62,4.4,5.95,400,150,50,80
1248,S001,35,P0571G-57,3.57,5.95,400,150,20,50
1313,S002,35,P0571G-68,3.75,5.95,400,150,90,90
793,S010,35,PH0776.04,4.4,5.95,400,150,60,80
349,S009,35,PH111302,3.03,5.95,400,150,20,80
1179,S003,35,PF48258,3.21,5.95,400,150,60,40
1175,S009,35,PF48276,2.98,5.95,400,150,90,20
1379,S003,35,PWM00B8,3.03,5.95,400,150,90,70
1399,S008,35,PN023.3,3.21,5.95,400,150,80,60
1400,S008,35,PNew14pckit,4.34,5.95,400,150,50,90
757,S014,35,PF390202,3.15,5.95,400,150,50,90
797,S014,35,PH2274,4.11,5.95,400,150,90,70
380,S008,35,PR2306.05,4.22,5.95,300,150,60,40
27,S011,35,PR1101EL44,3.75,5.95,300,150,70,60
374,S008,35,PXEL352,3.99,5.95,300,150,70,60
455,S007,35,PXEL354,3.69,5.95,300,150,50,90
376,S006,35,PXEL363,3.39,5.95,300,150,60,60
1053,S015,35,PM2150,4.22,5.95,300,150,80,90
1051,S002,35,PM2153,4.28,5.95,300,150,80,80
373,S013,35,PMCSB5,4.17,5.95,300,150,10,80
425,S015,35,PN019.1,3.93,5.95,300,150,90,90
816,S011,35,PBosie010,3.99,5.95,300,150,60,70
1420,S007,35,PNlook021,2.98,5.95,300,150,40,100
609,S012,35,PSPT0041,3.09,5.95,100,150,60,30
1213,S007,35,PAG9,3.75,5.95,100,150,90,20
1162,S014,35,PSB16811,3.87,5.95,100,150,70,50
152,S015,35,PS370900,3.69,5.95,100,150,70,70
165,S003,35,PS370895,4.59,6.75,100,150,90,40
539,S010,35,PABCOP34,4.52,6.75,100,150,50,70
131,S007,35,Pcbox,3.65,6.75,50,150,60,30
1056,S014,35,PF4336,3.44,6.75,500,150,10,20
770,S003,35,PH0681.10,3.71,6.75,400,150,30,50
705,S009,35,PWM001B,4.32,6.75,300,150,80,30
710,S014,35,PWM0018E,3.85,6.75,300,150,20,30
776,S009,35,PH0681.22,4.37,6.83,400,150,50,60
659,S009,35,PF394014,4.47,6.99,350,150,40,70
828,S002,35,PF48191,4.86,7.48,510,150,30,90
865,S001,35,PSPT0013,4.48,8.95,230,150,20,10
625,S001,35,PH0203.03,4.83,8.95,230,150,20,70
582,S009,35,P1003HQ.18,5.82,8.95,230,150,80,30
1166,S006,35,PSB29028,5.1,8.95,200,150,100,10
400,S002,35,PRY144,6.53,8.95,200,150,80,100
494,S004,35,PRY151,4.48,8.95,200,150,30,50
41,S014,35,PRY189,6.44,8.95,100,150,90,70
43,S007,35,PRY197,6.53,8.95,100,150,20,70
306,S010,35,PRY169,4.83,8.95,100,150,40,100
949,S002,35,PSPT0049,5.28,8.95,100,150,20,10
1203,S003,35,PM2141,5.28,8.95,100,150,90,30
346,S012,35,PRY170,6.53,8.95,100,150,50,30
694,S004,35,PCR2321,4.48,8.95,100,150,80,50
1187,S012,35,PCR1146,6.44,8.95,100,150,10,90
44,S014,35,PRY187,4.56,8.95,100,150,50,70
970,S011,35,PQB1141,6.71,8.95,650,150,20,30
294,S004,35,PF48188,6.62,8.95,500,150,60,20
64,S004,20,PM2125,7.01,12.99,280,150,30,80
957,S013,20,PR1101EL4,7.53,12.99,260,150,40,40
959,S002,20,PR2306.09,7.79,12.99,260,150,30,10
414,S015,20,PCASON1,8.44,12.99,250,150,40,30
412,S002,20,PC838 G-137,7.01,12.99,250,150,80,10
1376,S003,20,PWM00B4,7.01,12.99,240,150,30,80
72,S013,20,PF48189,7.86,14.29,500,150,40,60
747,S015,20,P0571G-31,7.69,14.5,300,150,40,30
686,S001,20,PSPT0053,10.64,14.99,300,150,40,80
427,S007,20,PSPT0059,8.69,14.99,300,150,70,80
579,S007,20,P1003HQ.12,9.59,14.99,230,150,90,90
605,S011,20,P1001BR.14,9.89,14.99,230,150,40,50
315,S002,20,PQB1132,11.8,15.95,600,150,10,70
994,S005,20,PQB987,14.46,20.95,300,150,80,100
117,S014,20,PQUEC648,13.41,20.95,300,150,60,50
1371,S003,20,PN022.2,15.29,20.95,300,150,80,50
586,S015,20,P1003HQEL.19,10.89,20.95,230,150,60,60
682,S006,20,PSmart,11.73,20.95,200,150,70,80
56,S003,20,PRY192,10.89,20.95,120,150,30,30
51,S006,50,PXEL341,2.92,3.95,610,160,70,30
1353,S010,50,PF48292,2.84,3.95,550,160,30,100
91,S002,40,PLR1120,3.71,4.95,530,160,100,70
1279,S002,40,PPA1WT,3.51,4.95,500,160,60,70
1074,S015,40,PM2127,2.67,4.95,500,160,50,70
1362,S014,35,Ph0683.06,4.22,5.95,450,160,10,100
1127,S013,35,PF4284,3.81,5.95,400,160,90,60
1387,S015,35,PSB16826,4.11,5.95,400,160,80,80
911,S007,35,PCASON20,3.87,5.95,400,160,70,60
1133,S005,35,P0571G-83,4.22,5.95,400,160,90,80
1140,S010,35,P0571G-80,4.17,5.95,400,160,40,50
1287,S012,35,PABCOP11,4.34,5.95,400,160,50,30
752,S003,35,PF394002,3.81,5.95,400,160,60,50
751,S004,35,PF392602,4.4,5.95,400,160,90,50
930,S006,35,PF394018,3.93,5.95,360,160,50,80
307,S001,35,PR1101EL28,3.09,5.95,350,160,10,70
1088,S009,35,PR1513.21,3.45,5.95,300,160,20,80
21,S007,35,PXEL348,3.33,5.95,300,160,40,50
1164,S010,35,PR1101EL42,3.03,5.95,300,160,40,90
1234,S002,35,PSPT0024,3.09,5.95,300,160,50,80
290,S004,35,PM5452,3.93,5.95,300,160,80,80
360,S007,35,PM5449,3.39,5.95,300,160,30,40
473,S001,35,PQB978,3.81,5.95,300,160,20,20
441,S011,35,PTDA.701G,3.81,5.95,300,160,80,70
1002,S011,35,PTDA.202G,3.63,5.95,300,160,100,60
1193,S001,35,PCR33407,4.46,5.95,100,160,70,90
1199,S005,35,PCR926,3.03,5.95,100,160,20,90
1206,S005,35,PM2139,3.81,5.95,100,160,40,70
502,S006,35,PR2306.20,3.92,6.75,100,160,10,40
510,S009,35,PABCOP9,4.52,6.75,100,160,70,60
541,S013,35,PABCOP25,3.51,6.75,100,160,50,60
229,S007,35,PLE01,4.46,6.75,60,160,40,90
212,S007,35,PpwlBoot,3.38,6.75,50,160,40,60
223,S009,35,PG0134,4.46,6.75,50,160,60,90
672,S006,35,PSolo21,3.51,6.75,50,160,60,80
133,S005,35,PCPC658,4.52,6.75,50,160,20,80
129,S014,35,PCASON23,4.32,6.75,50,160,100,90
996,S003,35,P0571G-66,3.65,6.75,400,160,20,70
631,S004,35,PC413,4.96,6.99,2000,160,40,100
567,S012,35,P1003HQEL.30,5.54,7.48,230,160,10,30
932,S005,35,PF48280,5.73,7.74,710,160,20,20
629,S010,35,PH0670.01,6.18,8.95,230,160,80,50
1171,S004,35,PSB29025,6.18,8.95,200,160,70,70
486,S012,35,PSB29021,6.71,8.95,200,160,60,40
1015,S011,35,PSB29023,5.73,8.95,200,160,100,70
491,S008,35,PSB29020,5.01,8.95,200,160,90,30
399,S003,35,PRY142,6.44,8.95,200,160,30,20
614,S009,35,PSPT0047,6.35,8.95,100,160,10,50
610,S011,35,PSPT0042,6.35,8.95,100,160,100,30
127,S014,35,PRY176,6.62,8.95,100,160,90,30
967,S012,35,PQUEC656,4.83,8.95,790,160,50,60
903,S012,20,PR1101EL33,9.74,12.99,290,160,20,70
965,S010,20,PR2306.06,8.44,12.99,260,160,60,90
23,S015,20,P0571G-32,8.12,14,300,160,60,10
283,S002,20,PTDA.101G,8.54,14.99,300,160,80,70
590,S003,20,P2001PU.16,11.24,14.99,230,160,40,30
603,S004,20,P1001BR.10,7.64,14.99,230,160,50,10
952,S006,20,PSolo14,11.24,14.99,220,160,20,100
318,S003,20,PQB1129,11.48,15.95,600,160,30,50
317,S002,20,PQB1125,9.57,15.95,600,160,30,70
288,S002,20,PQB986,15.29,20.95,300,160,90,70
729,S011,20,P2001PU.14,14.04,20.95,300,160,40,100
732,S010,20,P5042-UA,10.68,20.95,300,160,90,10
1366,S008,20,PN023.2,14.04,20.95,300,160,60,30
576,S005,20,P1003HQEL.20,11.94,20.95,230,160,50,30
233,S014,20,PSolo01,14.04,20.95,200,160,30,50
763,S011,20,PR1101EL22,15.5,20.95,150,160,50,90
119,S009,20,PSB16810,11.52,20.95,150,160,20,70
546,S014,20,PR311409,10.89,20.95,150,160,100,30
548,S003,20,PR311401,15.29,20.95,150,160,50,20
545,S015,20,PR311302,10.48,20.95,150,160,90,80
304,S007,20,PRY140,13.41,20.95,150,160,40,40
805,S014,20,PC417,11.94,20.95,130,160,40,10
310,S002,50,PC412,1.56,2.95,2000,170,20,30
1325,S002,50,PG2228S,1.74,2.95,1200,170,80,10
205,S004,50,PR1101.00,2.01,2.95,800,170,80,80
887,S001,50,PQB1197,2.13,3.95,700,170,20,60
849,S004,50,PQB1184,2.69,3.95,690,170,100,30
842,S008,50,PQB1178,2.77,3.95,680,170,90,80
841,S012,50,PQB1182,2.73,3.95,680,170,50,80
391,S003,50,PLPWCP5,2.21,3.95,600,170,30,90
1033,S007,50,PQB1116,2.84,3.95,600,170,40,50
1338,S012,50,PF48200,2.73,3.95,550,170,20,70
313,S011,40,PF48295,2.77,4.95,550,170,80,100
1273,S008,40,PNlook033,3.51,4.95,500,170,90,50
242,S009,40,PPS1,3.17,4.95,500,170,40,50
1079,S001,40,PM2136,3.02,4.95,500,170,90,60
1345,S006,40,PXEL308,3.42,4.95,500,170,60,80
616,S003,40,PF4307,3.17,4.95,500,170,90,30
259,S004,40,PF4317,3.32,4.95,500,170,90,30
254,S007,40,PF4315,2.77,4.95,500,170,80,100
387,S002,40,PF4334,2.62,4.95,500,170,40,70
837,S002,40,PH0685.03,3.61,4.95,480,170,20,70
1125,S012,35,PF4286,3.15,5.95,400,170,50,70
713,S011,35,PC418,4.4,5.95,400,170,50,100
1242,S009,35,P0571G-63,3.99,5.95,400,170,90,60
925,S008,35,PCASON21,2.98,5.95,400,170,40,80
1105,S013,35,PSB16832,3.33,5.95,400,170,20,60
1142,S010,35,P0571G-79,3.03,5.95,400,170,90,80
1178,S006,35,PF48252,3.27,5.95,400,170,50,50
1058,S015,35,PQB1097,4.46,5.95,400,170,30,30
794,S015,35,PH0681.14,3.45,5.95,400,170,50,50
5,S010,35,PR2306.08,3.99,5.95,300,170,10,50
909,S005,35,PXEL343,4.34,5.95,300,170,90,80
392,S014,35,PXEL359,3.99,5.95,300,170,10,80
1048,S002,35,PM2149,2.98,5.95,300,170,60,80
207,S004,35,PMCSB3,4.11,5.95,300,170,40,20
1141,S013,35,PQB981,3.75,5.95,300,170,20,100
685,S005,35,PTDA.702G,3.15,5.95,300,170,70,90
1118,S008,35,PTDA.1201G,3.39,5.95,300,170,70,50
438,S005,35,PTDA.1202G,3.99,5.95,300,170,20,30
13,S007,35,PWM0010a,3.27,5.95,300,170,50,40
422,S013,35,PWM0013C,3.99,5.95,300,170,50,20
696,S010,35,PCR2450,3.27,5.95,100,170,90,80
1186,S009,35,PCR33401,3.75,5.95,100,170,50,90
1189,S011,35,PCR1147,4.22,5.95,100,170,40,40
162,S004,35,PSB16804,4.34,5.95,100,170,90,90
12,S009,35,PAG5,3.85,6.75,100,170,70,60
951,S002,35,PR2306.16,3.44,6.75,100,170,80,90
739,S001,35,PR2306.21,4.79,6.75,100,170,50,90
512,S006,35,PAG11,4.19,6.75,100,170,40,80
527,S010,35,PABCOP22,4.79,6.75,100,170,30,40
980,S001,35,PQB1110,3.78,6.75,70,170,60,20
211,S008,35,PBosie014,3.78,6.75,50,170,50,50
220,S001,35,PQB1091,4.19,6.75,50,170,40,50
678,S003,35,Pspringbar16,4.32,6.75,50,170,100,90
221,S006,35,PG2223S,4.86,6.75,50,170,20,100
983,S015,35,P251/1493,3.44,6.75,30,170,60,20
774,S005,35,PH0681.19,3.82,6.83,400,170,50,60
661,S012,35,PF394017,3.56,6.99,350,170,80,50
617,S007,35,PH0204.03.03,5.28,8.95,230,170,90,80
984,S011,35,PSBMOSS11,5.28,8.95,200,170,70,90
1161,S013,35,PSBMOSS03,5.37,8.95,200,170,50,70
359,S009,35,PSBMOSS04,5.1,8.95,200,170,50,50
873,S006,35,PSL318,6.27,8.95,200,170,50,50
492,S003,35,PRY154,5.1,8.95,200,170,80,50
338,S009,35,PRY159,4.92,8.95,200,170,30,80
648,S010,35,PRY160,6.62,8.95,200,170,30,30
1216,S013,35,PBlackfan,5.82,8.95,100,170,70,30
1207,S003,35,PM2140,5.73,8.95,100,170,90,70
60,S013,20,PXEL336,8.83,12.99,290,170,60,90
810,S013,20,PR1101EL32,8.05,12.99,270,170,60,60
964,S005,20,PR2306.11,6.75,12.99,260,170,40,60
1022,S009,20,PC809,9.35,12.99,250,170,10,40
389,S001,20,PSPT0060,9.29,14.99,300,170,20,10
450,S011,20,PSPT0061,7.94,14.99,300,170,90,20
580,S003,20,P1003HQ.14,9.29,14.99,230,170,60,90
606,S003,20,P1001BR.16,8.24,14.99,230,170,20,60
601,S015,20,P1001BL.18,9.14,14.99,230,170,20,20
927,S009,20,PSolo13,8.39,14.99,210,170,30,20
74,S014,20,PSBMOSS02,8.99,14.99,200,170,30,30
726,S014,20,P5042-BF,11.31,20.95,300,170,10,30
1370,S011,20,PN022.3,12.15,20.95,300,170,70,10
1374,S015,20,PN022.1,11.73,20.95,300,170,40,70
202,S007,20,PH2284,12.57,20.95,50,170,30,40
657,S004,20,PR311202,12.57,20.95,150,170,10,30
883,S005,20,PSB16817,13.2,20.95,130,170,70,10
1185,S007,20,PCR33406,11.1,20.95,130,170,100,70
71,S004,50,PXEL335,1.98,2.95,860,180,30,100
888,S004,50,PQB1194,2.96,3.95,700,180,90,30
844,S008,50,PQB1179,2.73,3.95,680,180,30,90
831,S014,50,PQB1134,2.73,3.95,610,180,80,30
1155,S009,50,PFBSK7,2.53,3.95,600,180,50,80
1121,S014,50,PLJCMP005,2.77,3.95,600,180,100,50
1082,S004,50,PLJCMP008,2.21,3.95,600,180,70,100
1030,S003,50,PQB1117,2.53,3.95,600,180,70,70
1038,S007,50,PQB1115,1.98,3.95,600,180,50,70
1031,S010,50,PQB1118,2.45,3.95,600,180,80,50
1339,S014,50,PF48250,2.61,3.95,550,180,10,80
953,S010,40,PNlook038,3.37,4.95,500,180,10,10
1306,S008,40,PNlook043,3.71,4.95,500,180,70,10
265,S005,40,PPR3,2.77,4.95,500,180,80,70
1346,S012,40,PF4299,3.17,4.95,500,180,40,80
274,S003,40,PF4309,2.48,4.95,500,180,30,40
446,S007,40,PF4328,2.82,4.95,500,180,70,30
1122,S006,35,PC797,4.46,5.95,400,180,60,70
1253,S006,35,P0571G-49,3.15,5.95,400,180,40,60
1391,S003,35,PSB16821,3.39,5.95,400,180,80,40
1316,S006,35,P0571G-72,3.93,5.95,400,180,80,80
1137,S004,35,PSB29006,3.69,5.95,400,180,60,80
1410,S014,35,P76-27,3.09,5.95,400,180,40,100
1176,S015,35,PF48277,3.63,5.95,400,180,30,20
264,S003,35,PH0673.03,3.15,5.95,400,180,70,60
1087,S003,35,PR1513.25,4.17,5.95,300,180,60,50
11,S005,35,PR1101EL47,3.75,5.95,300,180,70,80
192,S003,35,PR1101EL9,3.27,5.95,300,180,40,90
10,S007,35,PR1101EL50,4.4,5.95,300,180,70,70
4,S003,35,PR1101EL46,4.46,5.95,300,180,30,50
365,S003,35,PR1101EL38,3.69,5.95,300,180,60,50
123,S011,35,PR1513.27,3.93,5.95,300,180,10,50
30,S011,35,PMCSB2,3.45,5.95,300,180,80,80
1422,S004,35,PNlook023,3.57,5.95,300,180,100,30
461,S008,35,PQB969,3.33,5.95,300,180,30,30
439,S006,35,PTDA.302G,3.39,5.95,300,180,70,70
423,S005,35,PWM0013b,3.09,5.95,300,180,100,90
327,S011,35,PF394005,4.34,5.95,100,180,60,60
612,S001,35,PSPT0044,3.09,5.95,100,180,10,60
693,S005,35,PCR2016,3.75,5.95,100,180,60,40
1196,S003,35,PF394004,4.46,5.95,100,180,10,10
157,S014,35,PS370894,4.34,5.95,100,180,10,20
160,S005,35,PSB16803,4.86,6.75,100,180,30,90
149,S006,35,PS370904,3.65,6.75,100,180,20,60
69,S009,35,PR311101,4.52,6.75,100,180,10,20
741,S006,35,PR2306.23,3.44,6.75,100,180,100,20
524,S015,35,PAG2,5,6.75,100,180,40,30
529,S012,35,PABCOP18,4.25,6.75,100,180,30,30
364,S012,35,Pspringbar2,3.58,6.75,50,180,100,10
225,S009,35,PQB1092,5,6.75,50,180,80,70
675,S005,35,Pspringbar10,4.79,6.75,50,180,40,40
671,S011,35,PSolo20,3.98,6.75,50,180,30,30
70,S007,35,PCR1130,3.38,6.75,50,180,20,10
1159,S002,35,Pbre14,4.66,6.75,1000,180,40,70
801,S001,35,PH111310,4.86,6.75,400,180,10,100
1006,S006,35,PF48287,4.79,6.75,400,180,20,30
566,S014,35,P1003HQEL.27,4.79,7.48,230,180,50,90
934,S011,35,PF48284,5.57,7.74,710,180,80,30
308,S009,35,PSolo11,4.59,8.5,200,180,80,80
67,S003,35,PSBMOSS13,4.56,8.95,200,180,80,50
353,S004,35,PSBMOSS01,4.74,8.95,200,180,50,100
749,S011,35,PSBMOSS20,5.91,8.95,200,180,40,70
1131,S013,35,PSKB1,4.74,8.95,200,180,90,70
496,S003,35,PRY155,4.74,8.95,200,180,70,50
336,S015,35,PRY161,5.46,8.95,200,180,50,80
1197,S012,35,PCR1143,6.35,8.95,100,180,60,10
690,S008,35,PCR1632,5.28,8.95,100,180,40,10
972,S008,35,PQB1139,4.92,8.95,640,180,30,70
367,S003,35,PR1101.01,4.67,8.99,800,180,30,80
722,S015,20,PCR1141,8.57,12.99,250,180,80,40
1136,S010,20,P1149-BF,8.18,12.99,240,180,20,30
896,S003,20,PWM00B14,8.96,12.99,240,180,30,70
898,S006,20,PXEL102_3_10,9.61,12.99,240,180,50,60
595,S008,20,P22-1074,9.29,14.99,230,180,100,40
607,S014,20,P1001BR.18,8.54,14.99,230,180,50,80
179,S009,20,PJB5330,10.19,14.99,50,180,80,80
1369,S009,20,PN021.1,13.2,20.95,300,180,20,60
94,S002,20,PWM0016A,12.78,20.95,300,180,30,100
857,S005,20,PSB29014,15.29,20.95,190,180,90,20
955,S001,20,PSB16819,12.78,20.95,120,180,90,60
230,S010,10,PG2229S,18.54,34.99,1200,180,10,50
1025,S005,3,Pbre3,499.61,780.64,1000,180,50,80
1184,S001,50,PC374,1.68,2.95,1500,190,40,90
1016,S012,50,PSB16805,1.77,2.95,1000,190,90,70
33,S009,50,PH0672.04,2.37,3.95,730,190,50,50
922,S001,50,PNlook029,2.09,3.95,720,190,60,50
889,S010,50,PQB1196,2.09,3.95,700,190,70,50
458,S001,50,PF48278,2.96,3.95,700,190,80,80
946,S015,50,PQB1138,2.57,3.95,640,190,70,30
1335,S010,50,PFB903GR,2.84,3.95,600,190,50,30
1263,S009,50,PLJCMP003,2.53,3.95,600,190,90,70
1081,S011,50,PLJCMP007,2.61,3.95,600,190,70,90
1027,S005,50,PQB1121,2.92,3.95,600,190,60,60
1029,S004,50,PQB1122,2.41,3.95,600,190,10,60
1281,S014,40,Pppbox,2.82,4.95,500,190,30,40
1433,S015,40,PXEL299,3.66,4.95,500,190,20,10
1438,S013,40,PXEL309,3.66,4.95,500,190,50,20
1349,S006,40,PXEL314,3.02,4.95,500,190,50,90
77,S010,40,PLR721,3.37,4.95,490,190,60,60
715,S006,35,PC421,3.81,5.95,400,190,90,20
912,S004,35,PCASON2,4.46,5.95,400,190,90,20
1144,S014,35,P0571G-77,3.27,5.95,400,190,70,30
1100,S001,35,PH0778.01,3.03,5.95,400,190,70,30
1098,S009,35,PH0776.03,3.81,5.95,400,190,90,10
1181,S003,35,PF48257,3.27,5.95,400,190,70,70
16,S002,35,PR1101EL39,3.57,5.95,300,190,90,40
393,S001,35,PXEL353,2.98,5.95,300,190,70,30
1223,S007,35,PSPT0039,3.99,5.95,300,190,30,10
1052,S006,35,PM2148,3.87,5.95,300,190,10,70
1045,S015,35,PM5444,3.87,5.95,300,190,90,100
208,S007,35,PMCSB4,4.22,5.95,300,190,70,30
282,S006,35,PMCSB6,4.34,5.95,300,190,30,90
424,S014,35,PMSe1,3.51,5.95,300,190,90,30
1418,S008,35,PNlook028,3.51,5.95,300,190,20,80
421,S014,35,PWM0013a,4.17,5.95,300,190,40,50
199,S006,35,PRY183,3.57,5.95,100,190,20,100
172,S007,35,PRY289,3.92,6.75,100,190,30,70
169,S015,35,PRY282B,4.79,6.75,100,190,80,70
516,S005,35,PABCOP26,3.92,6.75,100,190,90,80
532,S014,35,PABCOP24,4.05,6.75,100,190,20,50
519,S005,35,PABCOP20,5.06,6.75,100,190,80,40
297,S013,35,PABCOP7,5.06,6.75,100,190,50,90
975,S007,35,PQB1104,3.44,6.75,70,190,60,70
209,S004,35,PG2225G,5.06,6.75,50,190,30,50
214,S011,35,PG2221S,3.98,6.75,50,190,100,60
146,S014,35,PCR1138,4.46,6.75,50,190,90,40
145,S014,35,PCR1132,4.25,6.75,50,190,50,30
418,S014,35,PF48148,3.71,6.75,500,190,20,30
775,S010,35,PH0681.20,4.64,6.83,400,190,40,80
1119,S010,35,PF48151,3.43,6.85,500,190,70,20
1019,S005,35,P1003HQEL.31,4.71,7.48,230,190,70,30
570,S001,35,P1003HQEL.32,4.49,7.48,230,190,30,50
664,S006,35,PH0685.01,4.53,7.95,450,190,20,100
891,S015,35,PSolo18,6.71,8.95,230,190,20,50
620,S013,35,PH0624.03,6.09,8.95,230,190,30,80
480,S001,35,PSBMOSS09,5.91,8.95,200,190,60,20
1149,S007,35,PSB29015,5.91,8.95,200,190,90,30
479,S004,35,PSB29018,4.48,8.95,200,190,70,90
1154,S001,35,PSB29031,4.92,8.95,200,190,30,90
474,S010,35,PSB29019,5.91,8.95,200,190,90,10
96,S013,35,PSBMOSS18,5.1,8.95,200,190,60,50
350,S011,35,PSBMOSS21,5.28,8.95,200,190,60,40
871,S007,35,PSL418,6.62,8.95,200,190,70,90
863,S002,35,PSL399,5.19,8.95,200,190,30,50
493,S006,35,PRY152,5.1,8.95,200,190,70,60
291,S014,35,PRY158,5.55,8.95,200,190,40,70
1198,S007,35,PCR1212,4.56,8.95,100,190,60,80
1205,S002,35,PM2142,5.73,8.95,100,190,10,70
973,S014,35,PQUEC654,4.48,8.95,780,190,60,50
183,S006,35,P0571G-40,7.04,9.65,300,190,90,90
188,S001,35,P0571G-34,7.04,9.65,300,190,40,70
182,S001,35,P0571G-41,5.5,9.65,300,190,40,60
960,S006,20,PR1513.22,9.74,12.99,260,190,70,10
1023,S012,20,PC838 G-134,6.62,12.99,250,190,90,30
652,S013,20,PCASON16,7.79,12.99,250,190,70,20
893,S008,20,PXEL102_3_4,7.01,12.99,240,190,40,50
635,S003,20,PSB29010,7.94,14.99,300,190,80,50
596,S011,20,P251/1487,8.09,14.99,230,190,60,60
322,S010,20,PQB1130,10.05,15.95,600,190,50,90
178,S015,20,Pbre9,13.46,19.5,3000,190,80,90
440,S009,20,PXEL315,15.71,20.95,300,190,80,70
1372,S003,20,PN020.2,15.5,20.95,300,190,60,70
574,S012,20,P1003HQEL.16,11.31,20.95,230,190,40,90
571,S008,20,P1003HQEL.10,13.2,20.95,230,190,10,70
314,S007,20,PSolo04,11.94,20.95,200,190,70,90
853,S001,20,Pspringbar8,13.83,20.95,160,190,50,70
656,S005,20,PRY141,15.5,20.95,150,190,90,30
554,S002,20,PR311411,15.29,20.95,150,190,90,10
1032,S007,50,Pbre12,1.71,2.95,1000,200,90,90
1003,S014,50,PQB1135,2.96,3.95,620,200,20,70
832,S006,50,PQB1133,2.13,3.95,610,200,90,30
1086,S001,40,PLPWCP9,2.87,4.95,510,200,40,90
1305,S003,40,PNlook041,2.52,4.95,500,200,80,20
115,S007,40,PPR2,3.51,4.95,500,200,60,40
263,S015,40,PF4325,3.07,4.95,500,200,50,20
385,S013,40,PF4332,2.77,4.95,500,200,80,30
1363,S003,35,Ph0683.07,2.98,5.95,450,200,100,80
1264,S011,35,PF4291,4.28,5.95,400,200,50,90
913,S014,35,PCASON19,3.75,5.95,400,200,90,20
125,S008,35,PSB29004,3.39,5.95,400,200,90,80
28,S013,35,P76-28,4.11,5.95,400,200,80,50
796,S007,35,PH0681.16,3.39,5.95,400,200,20,60
859,S007,35,PSPT0014,4.4,5.95,390,200,20,30
113,S009,35,PR1101EL29,4.05,5.95,350,200,50,100
654,S004,35,PF394011,2.98,5.95,350,200,10,90
1297,S014,35,PR1101EL43,4.46,5.95,300,200,60,50
1222,S007,35,PSPT0034,2.98,5.95,300,200,30,20
434,S012,35,PTDA.401G,4.17,5.95,300,200,30,40
332,S004,35,PRY171,4.4,5.95,100,200,50,70
163,S012,35,PRY261,3.69,5.95,100,200,60,70
504,S013,35,PR2306.24,4.86,6.75,100,200,30,30
1020,S015,35,PABCOP36,4.79,6.75,100,200,40,20
334,S014,35,Pspringbar20,3.58,6.75,50,200,30,20
136,S011,35,PCASON7,3.71,6.75,50,200,60,30
444,S010,35,PH2281,3.44,6.75,50,200,20,60
416,S005,35,PF48142,3.98,6.75,500,200,30,90
660,S003,35,PF394015,5.03,6.99,350,200,60,70
564,S003,35,P1003HQEL.28,4.04,7.48,230,200,60,30
627,S011,35,PGsliner,4.56,8.95,230,200,10,90
663,S002,35,PSB29024,4.56,8.95,200,200,10,60
1211,S014,35,PCR33398,6.44,8.95,100,200,20,60
341,S007,35,PRY174,5.55,8.95,100,200,80,70
1210,S011,35,PCR33404,4.48,8.95,100,200,10,30
1194,S014,35,PCR33403,6.09,8.95,100,200,20,70
1200,S012,35,PCR1216,4.56,8.95,100,200,40,40
340,S011,20,PCASON15,7.01,12.99,250,200,90,60
200,S013,20,PH2283,11.1,20.95,50,200,100,10
823,S014,20,PRY137,15.5,20.95,150,200,10,60
181,S005,35,PC414,4.89,6.99,2000,240,30,90
124,S006,50,Pbre7,1.83,2.95,3000,280,40,40
126,S013,50,Pbre5,2.18,2.95,2500,380,20,40
231,S008,10,PC350,38.22,74.95,5500,380,10,70
103,S015,20,Pbre8,8,15.99,3000,390,50,90
803,S001,20,PC30209,14.67,20.95,4500,400,160,70
1326,S006,35,PC367,5.78,8.5,8000,640,120,40
